copies,template,Target,Ct,technical_replicate
10000.0,WT,HV-69/70-del,25.91,1
1000.0,WT,HV-69/70-del,29.42,1
100.0,WT,HV-69/70-del,32.11,1
10.0,WT,HV-69/70-del,35.03,1
10000.0,B.1.1.7,HV-69/70-del,25.83,1
1000.0,B.1.1.7,HV-69/70-del,29.0,1
100.0,B.1.1.7,HV-69/70-del,31.76,1
10.0,B.1.1.7,HV-69/70-del,34.5,1
10000.0,WT,HV-69/70-del,26.06,1
1000.0,WT,HV-69/70-del,29.47,1
100.0,WT,HV-69/70-del,32.59,1
10.0,WT,HV-69/70-del,34.76,1
10000.0,B.1.1.7,HV-69/70-del,25.98,1
1000.0,B.1.1.7,HV-69/70-del,29.17,1
100.0,B.1.1.7,HV-69/70-del,32.05,1
10.0,B.1.1.7,HV-69/70-del,,1
10000.0,WT,HV-69/70-del,26.12,1
1000.0,WT,HV-69/70-del,29.5,1
100.0,WT,HV-69/70-del,32.9,1
10.0,WT,HV-69/70-del,34.8,1
10000.0,B.1.1.7,HV-69/70-del,25.91,1
1000.0,B.1.1.7,HV-69/70-del,29.25,1
100.0,B.1.1.7,HV-69/70-del,31.97,1
10.0,B.1.1.7,HV-69/70-del,,1
10000.0,WT,HV-69/70-del,26.17,1
1000.0,WT,HV-69/70-del,29.53,1
100.0,WT,HV-69/70-del,32.73,1
10.0,WT,HV-69/70-del,35.41,1
10000.0,B.1.1.7,HV-69/70-del,25.92,1
1000.0,B.1.1.7,HV-69/70-del,29.16,1
100.0,B.1.1.7,HV-69/70-del,32.24,1
10.0,B.1.1.7,HV-69/70-del,34.22,1
10000.0,WT,HV-69/70-del,26.01,1
1000.0,WT,HV-69/70-del,29.57,1
100.0,WT,HV-69/70-del,32.82,1
10.0,WT,HV-69/70-del,36.97,1
10000.0,B.1.1.7,HV-69/70-del,26.09,1
1000.0,B.1.1.7,HV-69/70-del,29.35,1
100.0,B.1.1.7,HV-69/70-del,32.28,1
10.0,B.1.1.7,HV-69/70-del,33.84,1
10000.0,WT,HV-69/70-del,26.05,1
1000.0,WT,HV-69/70-del,29.77,1
100.0,WT,HV-69/70-del,32.49,1
10.0,WT,HV-69/70-del,36.11,1
10000.0,B.1.1.7,HV-69/70-del,26.16,1
1000.0,B.1.1.7,HV-69/70-del,30.03,1
100.0,B.1.1.7,HV-69/70-del,32.13,1
10.0,B.1.1.7,HV-69/70-del,34.63,1
10000.0,WT,HV-69/70-del,26.28,1
1000.0,WT,HV-69/70-del,29.71,1
100.0,WT,HV-69/70-del,32.54,1
10.0,WT,HV-69/70-del,34.86,1
10000.0,B.1.1.7,HV-69/70-del,26.18,1
1000.0,B.1.1.7,HV-69/70-del,29.04,1
100.0,B.1.1.7,HV-69/70-del,32.17,1
10.0,B.1.1.7,HV-69/70-del,34.31,1
10000.0,WT,HV-69/70-del,26.18,1
1000.0,WT,HV-69/70-del,29.67,1
100.0,WT,HV-69/70-del,32.81,1
10.0,WT,HV-69/70-del,35.09,1
10000.0,B.1.1.7,HV-69/70-del,26.05,1
1000.0,B.1.1.7,HV-69/70-del,29.1,1
100.0,B.1.1.7,HV-69/70-del,31.94,1
10.0,B.1.1.7,HV-69/70-del,34.68,1
10000.0,WT,Y144del,26.56,1
1000.0,WT,Y144del,30.04,1
100.0,WT,Y144del,33.34,1
10.0,WT,Y144del,36.14,1
10000.0,B.1.1.7,Y144del,26.25,1
1000.0,B.1.1.7,Y144del,30.28,1
100.0,B.1.1.7,Y144del,33.69,1
10.0,B.1.1.7,Y144del,36.6,1
10000.0,WT,Y144del,26.56,1
1000.0,WT,Y144del,30.03,1
100.0,WT,Y144del,33.24,1
10.0,WT,Y144del,37.71,1
10000.0,B.1.1.7,Y144del,26.23,1
1000.0,B.1.1.7,Y144del,30.04,1
100.0,B.1.1.7,Y144del,33.56,1
10.0,B.1.1.7,Y144del,35.95,1
10000.0,WT,Y144del,26.38,1
1000.0,WT,Y144del,30.29,1
100.0,WT,Y144del,33.4,1
10.0,WT,Y144del,35.64,1
10000.0,B.1.1.7,Y144del,26.49,1
1000.0,B.1.1.7,Y144del,30.07,1
100.0,B.1.1.7,Y144del,33.89,1
10.0,B.1.1.7,Y144del,36.31,1
10000.0,WT,Y144del,26.57,1
1000.0,WT,Y144del,30.02,1
100.0,WT,Y144del,33.27,1
10.0,WT,Y144del,36.45,1
10000.0,B.1.1.7,Y144del,26.33,1
1000.0,B.1.1.7,Y144del,30.19,1
100.0,B.1.1.7,Y144del,33.46,1
10.0,B.1.1.7,Y144del,36.21,1
10000.0,WT,Y144del,26.69,1
1000.0,WT,Y144del,30.06,1
100.0,WT,Y144del,33.58,1
10.0,WT,Y144del,36.95,1
10000.0,B.1.1.7,Y144del,26.49,1
1000.0,B.1.1.7,Y144del,29.8,1
100.0,B.1.1.7,Y144del,33.97,1
10.0,B.1.1.7,Y144del,36.29,1
10000.0,WT,Y144del,26.58,1
1000.0,WT,Y144del,29.98,1
100.0,WT,Y144del,33.93,1
10.0,WT,Y144del,37.26,1
10000.0,B.1.1.7,Y144del,26.41,1
1000.0,B.1.1.7,Y144del,29.92,1
100.0,B.1.1.7,Y144del,33.56,1
10.0,B.1.1.7,Y144del,37.56,1
10000.0,WT,Y144del,26.63,1
1000.0,WT,Y144del,30.41,1
100.0,WT,Y144del,35.04,1
10.0,WT,Y144del,37.39,1
10000.0,B.1.1.7,Y144del,26.67,1
1000.0,B.1.1.7,Y144del,30.01,1
100.0,B.1.1.7,Y144del,33.56,1
10.0,B.1.1.7,Y144del,37.06,1
10000.0,WT,Y144del,26.59,1
1000.0,WT,Y144del,30.04,1
100.0,WT,Y144del,33.64,1
10.0,WT,Y144del,37.45,1
10000.0,B.1.1.7,Y144del,26.34,1
1000.0,B.1.1.7,Y144del,30.05,1
100.0,B.1.1.7,Y144del,33.32,1
10.0,B.1.1.7,Y144del,36.33,1
10000.0,WT,A570D,27.05,1
1000.0,WT,A570D,30.49,1
100.0,WT,A570D,33.85,1
10.0,WT,A570D,37.38,1
10000.0,B.1.1.7,A570D,27.33,1
1000.0,B.1.1.7,A570D,30.76,1
100.0,B.1.1.7,A570D,34.76,1
10.0,B.1.1.7,A570D,,1
10000.0,WT,A570D,27.1,1
1000.0,WT,A570D,30.68,1
100.0,WT,A570D,34.28,1
10.0,WT,A570D,36.99,1
10000.0,B.1.1.7,A570D,27.34,1
1000.0,B.1.1.7,A570D,30.95,1
100.0,B.1.1.7,A570D,34.54,1
10.0,B.1.1.7,A570D,37.25,1
10000.0,WT,A570D,27.24,1
1000.0,WT,A570D,30.74,1
100.0,WT,A570D,34.41,1
10.0,WT,A570D,38.28,1
10000.0,B.1.1.7,A570D,27.21,1
1000.0,B.1.1.7,A570D,30.98,1
100.0,B.1.1.7,A570D,33.88,1
10.0,B.1.1.7,A570D,37.15,1
10000.0,WT,A570D,27.15,1
1000.0,WT,A570D,30.49,1
100.0,WT,A570D,34.47,1
10.0,WT,A570D,39.5,1
10000.0,B.1.1.7,A570D,27.32,1
1000.0,B.1.1.7,A570D,30.97,1
100.0,B.1.1.7,A570D,33.92,1
10.0,B.1.1.7,A570D,36.38,1
10000.0,WT,A570D,26.97,1
1000.0,WT,A570D,30.44,1
100.0,WT,A570D,34.49,1
10.0,WT,A570D,38.43,1
10000.0,B.1.1.7,A570D,27.16,1
1000.0,B.1.1.7,A570D,30.93,1
100.0,B.1.1.7,A570D,34.73,1
10.0,B.1.1.7,A570D,36.56,1
10000.0,WT,A570D,27.06,1
1000.0,WT,A570D,30.45,1
100.0,WT,A570D,33.87,1
10.0,WT,A570D,36.38,1
10000.0,B.1.1.7,A570D,27.39,1
1000.0,B.1.1.7,A570D,30.94,1
100.0,B.1.1.7,A570D,34.92,1
10.0,B.1.1.7,A570D,38.38,1
10000.0,WT,A570D,27.0,1
1000.0,WT,A570D,30.95,1
100.0,WT,A570D,33.91,1
10.0,WT,A570D,35.76,1
10000.0,B.1.1.7,A570D,27.29,1
1000.0,B.1.1.7,A570D,30.66,1
100.0,B.1.1.7,A570D,34.18,1
10.0,B.1.1.7,A570D,,1
10000.0,WT,A570D,27.02,1
1000.0,WT,A570D,30.86,1
100.0,WT,A570D,34.12,1
10.0,WT,A570D,35.94,1
10000.0,B.1.1.7,A570D,27.37,1
1000.0,B.1.1.7,A570D,30.66,1
100.0,B.1.1.7,A570D,34.0,1
10.0,B.1.1.7,A570D,36.27,1
10000.0,WT,HV-69/70-del,26.26,2
1000.0,WT,HV-69/70-del,29.43,2
100.0,WT,HV-69/70-del,32.96,2
10.0,WT,HV-69/70-del,35.11,2
10000.0,B.1.1.7,HV-69/70-del,26.63,2
1000.0,B.1.1.7,HV-69/70-del,29.37,2
100.0,B.1.1.7,HV-69/70-del,32.14,2
10.0,B.1.1.7,HV-69/70-del,35.5,2
10000.0,WT,HV-69/70-del,26.21,2
1000.0,WT,HV-69/70-del,29.72,2
100.0,WT,HV-69/70-del,32.88,2
10.0,WT,HV-69/70-del,36.01,2
10000.0,B.1.1.7,HV-69/70-del,26.0,2
1000.0,B.1.1.7,HV-69/70-del,29.45,2
100.0,B.1.1.7,HV-69/70-del,32.28,2
10.0,B.1.1.7,HV-69/70-del,34.78,2
10000.0,WT,HV-69/70-del,26.04,2
1000.0,WT,HV-69/70-del,29.61,2
100.0,WT,HV-69/70-del,32.75,2
10.0,WT,HV-69/70-del,35.87,2
10000.0,B.1.1.7,HV-69/70-del,25.88,2
1000.0,B.1.1.7,HV-69/70-del,29.21,2
100.0,B.1.1.7,HV-69/70-del,32.52,2
10.0,B.1.1.7,HV-69/70-del,34.89,2
10000.0,WT,HV-69/70-del,26.21,2
1000.0,WT,HV-69/70-del,29.61,2
100.0,WT,HV-69/70-del,32.94,2
10.0,WT,HV-69/70-del,36.52,2
10000.0,B.1.1.7,HV-69/70-del,26.07,2
1000.0,B.1.1.7,HV-69/70-del,29.15,2
100.0,B.1.1.7,HV-69/70-del,32.03,2
10.0,B.1.1.7,HV-69/70-del,35.63,2
10000.0,WT,HV-69/70-del,26.22,2
1000.0,WT,HV-69/70-del,29.54,2
100.0,WT,HV-69/70-del,32.83,2
10.0,WT,HV-69/70-del,36.75,2
10000.0,B.1.1.7,HV-69/70-del,25.76,2
1000.0,B.1.1.7,HV-69/70-del,29.33,2
100.0,B.1.1.7,HV-69/70-del,32.21,2
10.0,B.1.1.7,HV-69/70-del,35.18,2
10000.0,WT,HV-69/70-del,26.16,2
1000.0,WT,HV-69/70-del,29.57,2
100.0,WT,HV-69/70-del,32.85,2
10.0,WT,HV-69/70-del,36.09,2
10000.0,B.1.1.7,HV-69/70-del,26.0,2
1000.0,B.1.1.7,HV-69/70-del,29.26,2
100.0,B.1.1.7,HV-69/70-del,32.03,2
10.0,B.1.1.7,HV-69/70-del,34.71,2
10000.0,WT,HV-69/70-del,26.32,2
1000.0,WT,HV-69/70-del,29.64,2
100.0,WT,HV-69/70-del,32.99,2
10.0,WT,HV-69/70-del,36.76,2
10000.0,B.1.1.7,HV-69/70-del,25.9,2
1000.0,B.1.1.7,HV-69/70-del,29.41,2
100.0,B.1.1.7,HV-69/70-del,32.51,2
10.0,B.1.1.7,HV-69/70-del,35.41,2
10000.0,WT,HV-69/70-del,26.3,2
1000.0,WT,HV-69/70-del,29.61,2
100.0,WT,HV-69/70-del,32.55,2
10.0,WT,HV-69/70-del,35.81,2
10000.0,B.1.1.7,HV-69/70-del,26.05,2
1000.0,B.1.1.7,HV-69/70-del,29.23,2
100.0,B.1.1.7,HV-69/70-del,32.11,2
10.0,B.1.1.7,HV-69/70-del,35.32,2
10000.0,WT,Y144del,26.66,2
1000.0,WT,Y144del,30.14,2
100.0,WT,Y144del,33.58,2
10.0,WT,Y144del,36.36,2
10000.0,B.1.1.7,Y144del,26.35,2
1000.0,B.1.1.7,Y144del,29.73,2
100.0,B.1.1.7,Y144del,33.29,2
10.0,B.1.1.7,Y144del,36.4,2
10000.0,WT,Y144del,26.56,2
1000.0,WT,Y144del,30.03,2
100.0,WT,Y144del,33.41,2
10.0,WT,Y144del,37.02,2
10000.0,B.1.1.7,Y144del,26.21,2
1000.0,B.1.1.7,Y144del,29.69,2
100.0,B.1.1.7,Y144del,33.37,2
10.0,B.1.1.7,Y144del,36.87,2
10000.0,WT,Y144del,26.72,2
1000.0,WT,Y144del,30.23,2
100.0,WT,Y144del,33.57,2
10.0,WT,Y144del,35.67,2
10000.0,B.1.1.7,Y144del,26.03,2
1000.0,B.1.1.7,Y144del,29.73,2
100.0,B.1.1.7,Y144del,33.33,2
10.0,B.1.1.7,Y144del,39.89,2
10000.0,WT,Y144del,26.55,2
1000.0,WT,Y144del,30.01,2
100.0,WT,Y144del,33.41,2
10.0,WT,Y144del,36.61,2
10000.0,B.1.1.7,Y144del,26.6,2
1000.0,B.1.1.7,Y144del,29.96,2
100.0,B.1.1.7,Y144del,33.05,2
10.0,B.1.1.7,Y144del,35.88,2
10000.0,WT,Y144del,26.7,2
1000.0,WT,Y144del,30.1,2
100.0,WT,Y144del,33.48,2
10.0,WT,Y144del,36.06,2
10000.0,B.1.1.7,Y144del,26.57,2
1000.0,B.1.1.7,Y144del,29.93,2
100.0,B.1.1.7,Y144del,33.58,2
10.0,B.1.1.7,Y144del,38.23,2
10000.0,WT,Y144del,26.64,2
1000.0,WT,Y144del,30.28,2
100.0,WT,Y144del,33.45,2
10.0,WT,Y144del,37.04,2
10000.0,B.1.1.7,Y144del,26.23,2
1000.0,B.1.1.7,Y144del,29.62,2
100.0,B.1.1.7,Y144del,33.22,2
10.0,B.1.1.7,Y144del,40.36,2
10000.0,WT,Y144del,26.6,2
1000.0,WT,Y144del,30.37,2
100.0,WT,Y144del,33.62,2
10.0,WT,Y144del,36.32,2
10000.0,B.1.1.7,Y144del,26.18,2
1000.0,B.1.1.7,Y144del,29.78,2
100.0,B.1.1.7,Y144del,33.5,2
10.0,B.1.1.7,Y144del,35.9,2
10000.0,WT,Y144del,26.6,2
1000.0,WT,Y144del,30.13,2
100.0,WT,Y144del,33.87,2
10.0,WT,Y144del,36.0,2
10000.0,B.1.1.7,Y144del,26.25,2
1000.0,B.1.1.7,Y144del,29.47,2
100.0,B.1.1.7,Y144del,33.46,2
10.0,B.1.1.7,Y144del,39.06,2
10000.0,WT,A570D,26.83,2
1000.0,WT,A570D,30.34,2
100.0,WT,A570D,33.88,2
10.0,WT,A570D,37.3,2
10000.0,B.1.1.7,A570D,27.45,2
1000.0,B.1.1.7,A570D,30.37,2
100.0,B.1.1.7,A570D,34.47,2
10.0,B.1.1.7,A570D,38.63,2
10000.0,WT,A570D,26.94,2
1000.0,WT,A570D,30.53,2
100.0,WT,A570D,33.7,2
10.0,WT,A570D,37.39,2
10000.0,B.1.1.7,A570D,27.41,2
1000.0,B.1.1.7,A570D,30.65,2
100.0,B.1.1.7,A570D,34.27,2
10.0,B.1.1.7,A570D,37.35,2
10000.0,WT,A570D,27.22,2
1000.0,WT,A570D,30.49,2
100.0,WT,A570D,33.89,2
10.0,WT,A570D,37.77,2
10000.0,B.1.1.7,A570D,,2
1000.0,B.1.1.7,A570D,,2
100.0,B.1.1.7,A570D,,2
10.0,B.1.1.7,A570D,,2
10000.0,WT,A570D,27.2,2
1000.0,WT,A570D,30.63,2
100.0,WT,A570D,33.81,2
10.0,WT,A570D,36.25,2
10000.0,B.1.1.7,A570D,27.17,2
1000.0,B.1.1.7,A570D,30.61,2
100.0,B.1.1.7,A570D,34.19,2
10.0,B.1.1.7,A570D,36.98,2
10000.0,WT,A570D,26.92,2
1000.0,WT,A570D,30.4,2
100.0,WT,A570D,33.77,2
10.0,WT,A570D,36.76,2
10000.0,B.1.1.7,A570D,27.45,2
1000.0,B.1.1.7,A570D,30.61,2
100.0,B.1.1.7,A570D,33.54,2
10.0,B.1.1.7,A570D,37.82,2
10000.0,WT,A570D,27.14,2
1000.0,WT,A570D,30.23,2
100.0,WT,A570D,33.6,2
10.0,WT,A570D,36.6,2
10000.0,B.1.1.7,A570D,27.29,2
1000.0,B.1.1.7,A570D,30.71,2
100.0,B.1.1.7,A570D,34.8,2
10.0,B.1.1.7,A570D,37.51,2
10000.0,WT,A570D,27.12,2
1000.0,WT,A570D,30.63,2
100.0,WT,A570D,34.71,2
10.0,WT,A570D,38.54,2
10000.0,B.1.1.7,A570D,27.28,2
1000.0,B.1.1.7,A570D,30.75,2
100.0,B.1.1.7,A570D,34.22,2
10.0,B.1.1.7,A570D,36.67,2
10000.0,WT,A570D,27.32,2
1000.0,WT,A570D,30.49,2
100.0,WT,A570D,34.1,2
10.0,WT,A570D,,2
10000.0,B.1.1.7,A570D,27.28,2
1000.0,B.1.1.7,A570D,30.65,2
100.0,B.1.1.7,A570D,34.69,2
10.0,B.1.1.7,A570D,37.25,2
