,Kit ID,batch,Ct,Assay,replicate,variant,Sampling_date,State,is_building,location
0,eda521d80f,1,36.71,WT,1,HV-69/70-del,2021-02-28,CO,False,CO-3195bf5ee3
1,c685a47b56,1,37.24,WT,1,HV-69/70-del,2021-03-08,MA,False,MA-03792d2da1
2,27a1301570,1,35.27,WT,1,HV-69/70-del,2021-03-08,MA,False,MA-e639989ec2
3,83a7902a78,1,,WT,1,HV-69/70-del,2021-03-03,FL,False,FL-d1166234ad
4,52fe71f8e2,1,35.95,WT,1,HV-69/70-del,2021-03-03,FL,False,FL-e8da203597
5,8a6fd20599,1,36.11,WT,1,HV-69/70-del,2021-03-04,FL,False,FL-26d9107c06
6,0a50864c36,1,,WT,1,HV-69/70-del,2021-03-02,FL,True,FL-492c4a6696
7,98addc9f45,1,36.16,WT,1,HV-69/70-del,2021-03-02,FL,True,FL-0d899399bb
8,c5996823b5,1,,WT,1,HV-69/70-del,2021-03-02,FL,True,FL-b696848898
9,83a6dc864b,1,35.69,WT,1,HV-69/70-del,2021-03-02,KY,False,KY-8f0bbd21e3
10,836a219794,1,36.87,WT,1,HV-69/70-del,2021-03-03,MT,False,MT-259e8a09ff
11,da943323ac,1,35.63,WT,1,HV-69/70-del,2021-03-03,OH,False,OH-3d532045ea
12,d5fd5a4b32,1,36.74,WT,1,HV-69/70-del,2021-03-03,OH,False,OH-3c0bcc55dd
13,608942a960,1,35.52,WT,1,HV-69/70-del,2021-03-02,CA,False,CA-e1627b9549
14,7ecf807663,1,35.47,WT,1,HV-69/70-del,2021-03-02,NY,False,NY-d535baa7ac
15,b6313a2fe3,1,35.8,WT,1,HV-69/70-del,2021-03-02,PA,False,PA-9f036de898
16,8ab3911ce0,1,34.65,WT,1,HV-69/70-del,2021-03-02,VA,False,VA-451d253c49
17,8cdb8fe830,1,36.03,WT,1,HV-69/70-del,2021-03-01,CT,False,CT-da9b42b2a9
18,91c82e4038,1,37.98,WT,1,HV-69/70-del,2021-02-24,MA,False,MA-03304b1aa1
19,882bb1f0cf,2,35.54,WT,1,HV-69/70-del,2020-10-30,MA,False,MA-03792d2da1
20,7ee16f2f37,2,36.67,WT,1,HV-69/70-del,2020-10-28,FL,False,FL-e8da203597
21,cb26bb2c4a,2,,WT,1,HV-69/70-del,2020-10-29,FL,False,FL-26d9107c06
22,9adbfcab1f,2,32.76,WT,1,HV-69/70-del,2020-10-29,FL,True,FL-492c4a6696
23,80c5ec6dbf,2,35.81,WT,1,HV-69/70-del,2020-10-28,MT,False,MT-259e8a09ff
24,bc8a0683ac,2,35.46,WT,1,HV-69/70-del,2020-10-28,VA,False,VA-451d253c49
25,9a1622eb61,2,36.47,WT,1,HV-69/70-del,2020-10-27,FL,False,FL-d1166234ad
27,27daf66b18,2,,WT,1,HV-69/70-del,2020-10-28,FL,True,FL-0d899399bb
29,79c2a210f3,2,35.66,WT,1,HV-69/70-del,2020-10-27,CA,False,CA-e1627b9549
30,5f12a79e99,2,34.67,WT,1,HV-69/70-del,2020-10-25,CO,False,CO-3195bf5ee3
31,63eabe6638,2,35.39,WT,1,HV-69/70-del,2020-10-28,MA,False,MA-03792d2da1
32,7f03b0cfff,2,36.86,WT,1,HV-69/70-del,2020-10-28,MA,False,MA-e639989ec2
33,239463d573,2,37.23,WT,1,HV-69/70-del,2020-10-27,PA,False,PA-9f036de898
34,bd7d91886f,2,35.85,WT,1,HV-69/70-del,2020-10-23,KY,False,KY-8f0bbd21e3
35,1566e0dd3d,2,36.71,WT,1,HV-69/70-del,2020-10-26,CT,False,CT-da9b42b2a9
36,aaea9eaed0,2,35.38,WT,1,HV-69/70-del,2020-10-21,OH,False,OH-3d532045ea
37,b153bb7dd9,2,36.54,WT,1,HV-69/70-del,2020-10-21,OH,False,OH-3c0bcc55dd
38,59739083ca,2,,WT,1,HV-69/70-del,2020-10-20,NY,False,NY-d535baa7ac
39,245a5322c1,2,,WT,1,HV-69/70-del,2020-11-05,MA,False,MA-03304b1aa1
40,75acd78083,3,36.53,WT,1,HV-69/70-del,2021-01-28,FL,True,FL-0d899399bb
41,3ceda5b8f4,3,34.72,WT,1,HV-69/70-del,2021-01-27,FL,False,FL-e8da203597
42,8b695b28da,3,34.2,WT,1,HV-69/70-del,2021-01-28,FL,False,FL-26d9107c06
43,a2bd892953,3,36.76,WT,1,HV-69/70-del,2021-01-27,FL,False,FL-d1166234ad
44,355f142ebf,3,34.54,WT,1,HV-69/70-del,2021-01-29,MA,False,MA-e639989ec2
45,7e7b62a65e,3,34.41,WT,1,HV-69/70-del,2021-01-28,FL,True,FL-492c4a6696
46,b4ea864360,3,34.89,WT,1,HV-69/70-del,2021-01-29,MA,False,MA-03792d2da1
47,ba70436e64,3,35.12,WT,1,HV-69/70-del,2021-01-27,MT,False,MT-259e8a09ff
48,3545254ec7,3,33.37,WT,1,HV-69/70-del,2021-01-26,VA,False,VA-451d253c49
49,a1fb899fec,3,35.08,WT,1,HV-69/70-del,2021-01-25,KY,False,KY-8f0bbd21e3
50,a0bb036d5b,3,34.45,WT,1,HV-69/70-del,2021-01-26,CA,False,CA-e1627b9549
51,9187bcde61,3,34.64,WT,1,HV-69/70-del,2021-01-26,PA,False,PA-9f036de898
52,dcaeb59a89,3,37.26,WT,1,HV-69/70-del,2021-01-25,MA,False,MA-03304b1aa1
53,0681d9a7c1,3,35.31,WT,1,HV-69/70-del,2021-01-24,CO,False,CO-3195bf5ee3
54,856aadabed,3,34.25,WT,1,HV-69/70-del,2021-01-25,CT,False,CT-da9b42b2a9
55,c5c081c07f,3,35.55,WT,1,HV-69/70-del,2021-01-20,OH,False,OH-3c0bcc55dd
56,41bf6b9c9e,3,35.17,WT,1,HV-69/70-del,2021-01-20,FL,True,FL-b696848898
57,2c0201a4c5,3,35.49,WT,1,HV-69/70-del,2021-01-20,OH,False,OH-3d532045ea
58,d66a428fa4,3,33.81,WT,1,HV-69/70-del,2021-01-20,NY,False,NY-d535baa7ac
59,8608df8b8b,3,34.66,WT,1,HV-69/70-del,2021-01-21,MA,False,MA-03792d2da1
60,eda521d80f,1,36.85,WT,2,HV-69/70-del,2021-02-28,CO,False,CO-3195bf5ee3
61,c685a47b56,1,35.76,WT,2,HV-69/70-del,2021-03-08,MA,False,MA-03792d2da1
62,27a1301570,1,35.61,WT,2,HV-69/70-del,2021-03-08,MA,False,MA-e639989ec2
63,83a7902a78,1,38.33,WT,2,HV-69/70-del,2021-03-03,FL,False,FL-d1166234ad
64,52fe71f8e2,1,36.23,WT,2,HV-69/70-del,2021-03-03,FL,False,FL-e8da203597
65,8a6fd20599,1,38.19,WT,2,HV-69/70-del,2021-03-04,FL,False,FL-26d9107c06
66,0a50864c36,1,,WT,2,HV-69/70-del,2021-03-02,FL,True,FL-492c4a6696
67,98addc9f45,1,35.58,WT,2,HV-69/70-del,2021-03-02,FL,True,FL-0d899399bb
68,c5996823b5,1,,WT,2,HV-69/70-del,2021-03-02,FL,True,FL-b696848898
69,83a6dc864b,1,36.12,WT,2,HV-69/70-del,2021-03-02,KY,False,KY-8f0bbd21e3
70,836a219794,1,36.83,WT,2,HV-69/70-del,2021-03-03,MT,False,MT-259e8a09ff
71,da943323ac,1,34.81,WT,2,HV-69/70-del,2021-03-03,OH,False,OH-3d532045ea
72,d5fd5a4b32,1,36.73,WT,2,HV-69/70-del,2021-03-03,OH,False,OH-3c0bcc55dd
73,608942a960,1,35.92,WT,2,HV-69/70-del,2021-03-02,CA,False,CA-e1627b9549
74,7ecf807663,1,35.65,WT,2,HV-69/70-del,2021-03-02,NY,False,NY-d535baa7ac
75,b6313a2fe3,1,36.33,WT,2,HV-69/70-del,2021-03-02,PA,False,PA-9f036de898
76,8ab3911ce0,1,34.2,WT,2,HV-69/70-del,2021-03-02,VA,False,VA-451d253c49
77,8cdb8fe830,1,36.09,WT,2,HV-69/70-del,2021-03-01,CT,False,CT-da9b42b2a9
78,91c82e4038,1,37.21,WT,2,HV-69/70-del,2021-02-24,MA,False,MA-03304b1aa1
79,882bb1f0cf,2,35.85,WT,2,HV-69/70-del,2020-10-30,MA,False,MA-03792d2da1
80,7ee16f2f37,2,36.8,WT,2,HV-69/70-del,2020-10-28,FL,False,FL-e8da203597
81,cb26bb2c4a,2,35.48,WT,2,HV-69/70-del,2020-10-29,FL,False,FL-26d9107c06
82,9adbfcab1f,2,32.74,WT,2,HV-69/70-del,2020-10-29,FL,True,FL-492c4a6696
83,80c5ec6dbf,2,35.53,WT,2,HV-69/70-del,2020-10-28,MT,False,MT-259e8a09ff
84,bc8a0683ac,2,34.8,WT,2,HV-69/70-del,2020-10-28,VA,False,VA-451d253c49
85,9a1622eb61,2,36.86,WT,2,HV-69/70-del,2020-10-27,FL,False,FL-d1166234ad
87,27daf66b18,2,,WT,2,HV-69/70-del,2020-10-28,FL,True,FL-0d899399bb
89,79c2a210f3,2,37.48,WT,2,HV-69/70-del,2020-10-27,CA,False,CA-e1627b9549
90,5f12a79e99,2,35.14,WT,2,HV-69/70-del,2020-10-25,CO,False,CO-3195bf5ee3
91,63eabe6638,2,35.41,WT,2,HV-69/70-del,2020-10-28,MA,False,MA-03792d2da1
92,7f03b0cfff,2,37.0,WT,2,HV-69/70-del,2020-10-28,MA,False,MA-e639989ec2
93,239463d573,2,35.97,WT,2,HV-69/70-del,2020-10-27,PA,False,PA-9f036de898
94,bd7d91886f,2,36.76,WT,2,HV-69/70-del,2020-10-23,KY,False,KY-8f0bbd21e3
95,1566e0dd3d,2,36.48,WT,2,HV-69/70-del,2020-10-26,CT,False,CT-da9b42b2a9
96,aaea9eaed0,2,35.87,WT,2,HV-69/70-del,2020-10-21,OH,False,OH-3d532045ea
97,b153bb7dd9,2,,WT,2,HV-69/70-del,2020-10-21,OH,False,OH-3c0bcc55dd
98,59739083ca,2,36.84,WT,2,HV-69/70-del,2020-10-20,NY,False,NY-d535baa7ac
99,245a5322c1,2,36.51,WT,2,HV-69/70-del,2020-11-05,MA,False,MA-03304b1aa1
100,75acd78083,3,35.83,WT,2,HV-69/70-del,2021-01-28,FL,True,FL-0d899399bb
101,3ceda5b8f4,3,35.17,WT,2,HV-69/70-del,2021-01-27,FL,False,FL-e8da203597
102,8b695b28da,3,34.01,WT,2,HV-69/70-del,2021-01-28,FL,False,FL-26d9107c06
103,a2bd892953,3,36.44,WT,2,HV-69/70-del,2021-01-27,FL,False,FL-d1166234ad
104,355f142ebf,3,34.23,WT,2,HV-69/70-del,2021-01-29,MA,False,MA-e639989ec2
105,7e7b62a65e,3,34.08,WT,2,HV-69/70-del,2021-01-28,FL,True,FL-492c4a6696
106,b4ea864360,3,35.3,WT,2,HV-69/70-del,2021-01-29,MA,False,MA-03792d2da1
107,ba70436e64,3,35.38,WT,2,HV-69/70-del,2021-01-27,MT,False,MT-259e8a09ff
108,3545254ec7,3,33.2,WT,2,HV-69/70-del,2021-01-26,VA,False,VA-451d253c49
109,a1fb899fec,3,34.91,WT,2,HV-69/70-del,2021-01-25,KY,False,KY-8f0bbd21e3
110,a0bb036d5b,3,35.45,WT,2,HV-69/70-del,2021-01-26,CA,False,CA-e1627b9549
111,9187bcde61,3,34.36,WT,2,HV-69/70-del,2021-01-26,PA,False,PA-9f036de898
112,dcaeb59a89,3,36.42,WT,2,HV-69/70-del,2021-01-25,MA,False,MA-03304b1aa1
113,0681d9a7c1,3,35.25,WT,2,HV-69/70-del,2021-01-24,CO,False,CO-3195bf5ee3
114,856aadabed,3,34.53,WT,2,HV-69/70-del,2021-01-25,CT,False,CT-da9b42b2a9
115,c5c081c07f,3,35.71,WT,2,HV-69/70-del,2021-01-20,OH,False,OH-3c0bcc55dd
116,41bf6b9c9e,3,34.88,WT,2,HV-69/70-del,2021-01-20,FL,True,FL-b696848898
117,2c0201a4c5,3,34.72,WT,2,HV-69/70-del,2021-01-20,OH,False,OH-3d532045ea
118,d66a428fa4,3,34.26,WT,2,HV-69/70-del,2021-01-20,NY,False,NY-d535baa7ac
119,8608df8b8b,3,34.71,WT,2,HV-69/70-del,2021-01-21,MA,False,MA-03792d2da1
120,eda521d80f,1,,B.1.1.7,1,HV-69/70-del,2021-02-28,CO,False,CO-3195bf5ee3
121,c685a47b56,1,35.49,B.1.1.7,1,HV-69/70-del,2021-03-08,MA,False,MA-03792d2da1
122,27a1301570,1,35.08,B.1.1.7,1,HV-69/70-del,2021-03-08,MA,False,MA-e639989ec2
123,83a7902a78,1,35.8,B.1.1.7,1,HV-69/70-del,2021-03-03,FL,False,FL-d1166234ad
124,52fe71f8e2,1,36.98,B.1.1.7,1,HV-69/70-del,2021-03-03,FL,False,FL-e8da203597
125,8a6fd20599,1,,B.1.1.7,1,HV-69/70-del,2021-03-04,FL,False,FL-26d9107c06
126,0a50864c36,1,34.13,B.1.1.7,1,HV-69/70-del,2021-03-02,FL,True,FL-492c4a6696
127,98addc9f45,1,33.53,B.1.1.7,1,HV-69/70-del,2021-03-02,FL,True,FL-0d899399bb
128,c5996823b5,1,35.89,B.1.1.7,1,HV-69/70-del,2021-03-02,FL,True,FL-b696848898
129,83a6dc864b,1,,B.1.1.7,1,HV-69/70-del,2021-03-02,KY,False,KY-8f0bbd21e3
130,836a219794,1,,B.1.1.7,1,HV-69/70-del,2021-03-03,MT,False,MT-259e8a09ff
131,da943323ac,1,,B.1.1.7,1,HV-69/70-del,2021-03-03,OH,False,OH-3d532045ea
132,d5fd5a4b32,1,,B.1.1.7,1,HV-69/70-del,2021-03-03,OH,False,OH-3c0bcc55dd
133,608942a960,1,,B.1.1.7,1,HV-69/70-del,2021-03-02,CA,False,CA-e1627b9549
134,7ecf807663,1,36.2,B.1.1.7,1,HV-69/70-del,2021-03-02,NY,False,NY-d535baa7ac
135,b6313a2fe3,1,,B.1.1.7,1,HV-69/70-del,2021-03-02,PA,False,PA-9f036de898
136,8ab3911ce0,1,36.82,B.1.1.7,1,HV-69/70-del,2021-03-02,VA,False,VA-451d253c49
137,8cdb8fe830,1,,B.1.1.7,1,HV-69/70-del,2021-03-01,CT,False,CT-da9b42b2a9
138,91c82e4038,1,,B.1.1.7,1,HV-69/70-del,2021-02-24,MA,False,MA-03304b1aa1
139,882bb1f0cf,2,,B.1.1.7,1,HV-69/70-del,2020-10-30,MA,False,MA-03792d2da1
140,7ee16f2f37,2,,B.1.1.7,1,HV-69/70-del,2020-10-28,FL,False,FL-e8da203597
141,cb26bb2c4a,2,,B.1.1.7,1,HV-69/70-del,2020-10-29,FL,False,FL-26d9107c06
142,9adbfcab1f,2,,B.1.1.7,1,HV-69/70-del,2020-10-29,FL,True,FL-492c4a6696
143,80c5ec6dbf,2,,B.1.1.7,1,HV-69/70-del,2020-10-28,MT,False,MT-259e8a09ff
144,bc8a0683ac,2,,B.1.1.7,1,HV-69/70-del,2020-10-28,VA,False,VA-451d253c49
145,9a1622eb61,2,,B.1.1.7,1,HV-69/70-del,2020-10-27,FL,False,FL-d1166234ad
147,27daf66b18,2,,B.1.1.7,1,HV-69/70-del,2020-10-28,FL,True,FL-0d899399bb
149,79c2a210f3,2,,B.1.1.7,1,HV-69/70-del,2020-10-27,CA,False,CA-e1627b9549
150,5f12a79e99,2,,B.1.1.7,1,HV-69/70-del,2020-10-25,CO,False,CO-3195bf5ee3
151,63eabe6638,2,,B.1.1.7,1,HV-69/70-del,2020-10-28,MA,False,MA-03792d2da1
152,7f03b0cfff,2,,B.1.1.7,1,HV-69/70-del,2020-10-28,MA,False,MA-e639989ec2
153,239463d573,2,,B.1.1.7,1,HV-69/70-del,2020-10-27,PA,False,PA-9f036de898
154,bd7d91886f,2,,B.1.1.7,1,HV-69/70-del,2020-10-23,KY,False,KY-8f0bbd21e3
155,1566e0dd3d,2,,B.1.1.7,1,HV-69/70-del,2020-10-26,CT,False,CT-da9b42b2a9
156,aaea9eaed0,2,,B.1.1.7,1,HV-69/70-del,2020-10-21,OH,False,OH-3d532045ea
157,b153bb7dd9,2,,B.1.1.7,1,HV-69/70-del,2020-10-21,OH,False,OH-3c0bcc55dd
158,59739083ca,2,,B.1.1.7,1,HV-69/70-del,2020-10-20,NY,False,NY-d535baa7ac
159,245a5322c1,2,,B.1.1.7,1,HV-69/70-del,2020-11-05,MA,False,MA-03304b1aa1
160,75acd78083,3,,B.1.1.7,1,HV-69/70-del,2021-01-28,FL,True,FL-0d899399bb
161,3ceda5b8f4,3,36.06,B.1.1.7,1,HV-69/70-del,2021-01-27,FL,False,FL-e8da203597
162,8b695b28da,3,,B.1.1.7,1,HV-69/70-del,2021-01-28,FL,False,FL-26d9107c06
163,a2bd892953,3,,B.1.1.7,1,HV-69/70-del,2021-01-27,FL,False,FL-d1166234ad
164,355f142ebf,3,36.32,B.1.1.7,1,HV-69/70-del,2021-01-29,MA,False,MA-e639989ec2
165,7e7b62a65e,3,35.84,B.1.1.7,1,HV-69/70-del,2021-01-28,FL,True,FL-492c4a6696
166,b4ea864360,3,,B.1.1.7,1,HV-69/70-del,2021-01-29,MA,False,MA-03792d2da1
167,ba70436e64,3,,B.1.1.7,1,HV-69/70-del,2021-01-27,MT,False,MT-259e8a09ff
168,3545254ec7,3,,B.1.1.7,1,HV-69/70-del,2021-01-26,VA,False,VA-451d253c49
169,a1fb899fec,3,,B.1.1.7,1,HV-69/70-del,2021-01-25,KY,False,KY-8f0bbd21e3
170,a0bb036d5b,3,,B.1.1.7,1,HV-69/70-del,2021-01-26,CA,False,CA-e1627b9549
171,9187bcde61,3,,B.1.1.7,1,HV-69/70-del,2021-01-26,PA,False,PA-9f036de898
172,dcaeb59a89,3,,B.1.1.7,1,HV-69/70-del,2021-01-25,MA,False,MA-03304b1aa1
173,0681d9a7c1,3,,B.1.1.7,1,HV-69/70-del,2021-01-24,CO,False,CO-3195bf5ee3
174,856aadabed,3,36.14,B.1.1.7,1,HV-69/70-del,2021-01-25,CT,False,CT-da9b42b2a9
175,c5c081c07f,3,,B.1.1.7,1,HV-69/70-del,2021-01-20,OH,False,OH-3c0bcc55dd
176,41bf6b9c9e,3,,B.1.1.7,1,HV-69/70-del,2021-01-20,FL,True,FL-b696848898
177,2c0201a4c5,3,,B.1.1.7,1,HV-69/70-del,2021-01-20,OH,False,OH-3d532045ea
178,d66a428fa4,3,,B.1.1.7,1,HV-69/70-del,2021-01-20,NY,False,NY-d535baa7ac
179,8608df8b8b,3,,B.1.1.7,1,HV-69/70-del,2021-01-21,MA,False,MA-03792d2da1
180,eda521d80f,1,36.83,B.1.1.7,2,HV-69/70-del,2021-02-28,CO,False,CO-3195bf5ee3
181,c685a47b56,1,36.31,B.1.1.7,2,HV-69/70-del,2021-03-08,MA,False,MA-03792d2da1
182,27a1301570,1,36.18,B.1.1.7,2,HV-69/70-del,2021-03-08,MA,False,MA-e639989ec2
183,83a7902a78,1,,B.1.1.7,2,HV-69/70-del,2021-03-03,FL,False,FL-d1166234ad
184,52fe71f8e2,1,35.81,B.1.1.7,2,HV-69/70-del,2021-03-03,FL,False,FL-e8da203597
185,8a6fd20599,1,,B.1.1.7,2,HV-69/70-del,2021-03-04,FL,False,FL-26d9107c06
186,0a50864c36,1,34.42,B.1.1.7,2,HV-69/70-del,2021-03-02,FL,True,FL-492c4a6696
187,98addc9f45,1,34.04,B.1.1.7,2,HV-69/70-del,2021-03-02,FL,True,FL-0d899399bb
188,c5996823b5,1,35.31,B.1.1.7,2,HV-69/70-del,2021-03-02,FL,True,FL-b696848898
189,83a6dc864b,1,,B.1.1.7,2,HV-69/70-del,2021-03-02,KY,False,KY-8f0bbd21e3
190,836a219794,1,,B.1.1.7,2,HV-69/70-del,2021-03-03,MT,False,MT-259e8a09ff
191,da943323ac,1,,B.1.1.7,2,HV-69/70-del,2021-03-03,OH,False,OH-3d532045ea
192,d5fd5a4b32,1,,B.1.1.7,2,HV-69/70-del,2021-03-03,OH,False,OH-3c0bcc55dd
193,608942a960,1,,B.1.1.7,2,HV-69/70-del,2021-03-02,CA,False,CA-e1627b9549
194,7ecf807663,1,36.71,B.1.1.7,2,HV-69/70-del,2021-03-02,NY,False,NY-d535baa7ac
195,b6313a2fe3,1,,B.1.1.7,2,HV-69/70-del,2021-03-02,PA,False,PA-9f036de898
196,8ab3911ce0,1,,B.1.1.7,2,HV-69/70-del,2021-03-02,VA,False,VA-451d253c49
197,8cdb8fe830,1,,B.1.1.7,2,HV-69/70-del,2021-03-01,CT,False,CT-da9b42b2a9
198,91c82e4038,1,,B.1.1.7,2,HV-69/70-del,2021-02-24,MA,False,MA-03304b1aa1
199,882bb1f0cf,2,,B.1.1.7,2,HV-69/70-del,2020-10-30,MA,False,MA-03792d2da1
200,7ee16f2f37,2,,B.1.1.7,2,HV-69/70-del,2020-10-28,FL,False,FL-e8da203597
201,cb26bb2c4a,2,,B.1.1.7,2,HV-69/70-del,2020-10-29,FL,False,FL-26d9107c06
202,9adbfcab1f,2,,B.1.1.7,2,HV-69/70-del,2020-10-29,FL,True,FL-492c4a6696
203,80c5ec6dbf,2,,B.1.1.7,2,HV-69/70-del,2020-10-28,MT,False,MT-259e8a09ff
204,bc8a0683ac,2,,B.1.1.7,2,HV-69/70-del,2020-10-28,VA,False,VA-451d253c49
205,9a1622eb61,2,,B.1.1.7,2,HV-69/70-del,2020-10-27,FL,False,FL-d1166234ad
207,27daf66b18,2,,B.1.1.7,2,HV-69/70-del,2020-10-28,FL,True,FL-0d899399bb
209,79c2a210f3,2,,B.1.1.7,2,HV-69/70-del,2020-10-27,CA,False,CA-e1627b9549
210,5f12a79e99,2,,B.1.1.7,2,HV-69/70-del,2020-10-25,CO,False,CO-3195bf5ee3
211,63eabe6638,2,36.23,B.1.1.7,2,HV-69/70-del,2020-10-28,MA,False,MA-03792d2da1
212,7f03b0cfff,2,,B.1.1.7,2,HV-69/70-del,2020-10-28,MA,False,MA-e639989ec2
213,239463d573,2,,B.1.1.7,2,HV-69/70-del,2020-10-27,PA,False,PA-9f036de898
214,bd7d91886f,2,,B.1.1.7,2,HV-69/70-del,2020-10-23,KY,False,KY-8f0bbd21e3
215,1566e0dd3d,2,,B.1.1.7,2,HV-69/70-del,2020-10-26,CT,False,CT-da9b42b2a9
216,aaea9eaed0,2,,B.1.1.7,2,HV-69/70-del,2020-10-21,OH,False,OH-3d532045ea
217,b153bb7dd9,2,,B.1.1.7,2,HV-69/70-del,2020-10-21,OH,False,OH-3c0bcc55dd
218,59739083ca,2,,B.1.1.7,2,HV-69/70-del,2020-10-20,NY,False,NY-d535baa7ac
219,245a5322c1,2,,B.1.1.7,2,HV-69/70-del,2020-11-05,MA,False,MA-03304b1aa1
220,75acd78083,3,,B.1.1.7,2,HV-69/70-del,2021-01-28,FL,True,FL-0d899399bb
221,3ceda5b8f4,3,36.56,B.1.1.7,2,HV-69/70-del,2021-01-27,FL,False,FL-e8da203597
222,8b695b28da,3,36.86,B.1.1.7,2,HV-69/70-del,2021-01-28,FL,False,FL-26d9107c06
223,a2bd892953,3,35.78,B.1.1.7,2,HV-69/70-del,2021-01-27,FL,False,FL-d1166234ad
224,355f142ebf,3,,B.1.1.7,2,HV-69/70-del,2021-01-29,MA,False,MA-e639989ec2
225,7e7b62a65e,3,36.14,B.1.1.7,2,HV-69/70-del,2021-01-28,FL,True,FL-492c4a6696
226,b4ea864360,3,,B.1.1.7,2,HV-69/70-del,2021-01-29,MA,False,MA-03792d2da1
227,ba70436e64,3,,B.1.1.7,2,HV-69/70-del,2021-01-27,MT,False,MT-259e8a09ff
228,3545254ec7,3,,B.1.1.7,2,HV-69/70-del,2021-01-26,VA,False,VA-451d253c49
229,a1fb899fec,3,,B.1.1.7,2,HV-69/70-del,2021-01-25,KY,False,KY-8f0bbd21e3
230,a0bb036d5b,3,,B.1.1.7,2,HV-69/70-del,2021-01-26,CA,False,CA-e1627b9549
231,9187bcde61,3,,B.1.1.7,2,HV-69/70-del,2021-01-26,PA,False,PA-9f036de898
232,dcaeb59a89,3,,B.1.1.7,2,HV-69/70-del,2021-01-25,MA,False,MA-03304b1aa1
233,0681d9a7c1,3,,B.1.1.7,2,HV-69/70-del,2021-01-24,CO,False,CO-3195bf5ee3
234,856aadabed,3,,B.1.1.7,2,HV-69/70-del,2021-01-25,CT,False,CT-da9b42b2a9
235,c5c081c07f,3,,B.1.1.7,2,HV-69/70-del,2021-01-20,OH,False,OH-3c0bcc55dd
236,41bf6b9c9e,3,,B.1.1.7,2,HV-69/70-del,2021-01-20,FL,True,FL-b696848898
237,2c0201a4c5,3,,B.1.1.7,2,HV-69/70-del,2021-01-20,OH,False,OH-3d532045ea
238,d66a428fa4,3,,B.1.1.7,2,HV-69/70-del,2021-01-20,NY,False,NY-d535baa7ac
239,8608df8b8b,3,,B.1.1.7,2,HV-69/70-del,2021-01-21,MA,False,MA-03792d2da1
240,eda521d80f,1,37.63,WT,1,Y144del,2021-02-28,CO,False,CO-3195bf5ee3
241,c685a47b56,1,38.19,WT,1,Y144del,2021-03-08,MA,False,MA-03792d2da1
242,27a1301570,1,38.39,WT,1,Y144del,2021-03-08,MA,False,MA-e639989ec2
243,83a7902a78,1,,WT,1,Y144del,2021-03-03,FL,False,FL-d1166234ad
244,52fe71f8e2,1,37.46,WT,1,Y144del,2021-03-03,FL,False,FL-e8da203597
245,8a6fd20599,1,38.15,WT,1,Y144del,2021-03-04,FL,False,FL-26d9107c06
246,0a50864c36,1,38.9,WT,1,Y144del,2021-03-02,FL,True,FL-492c4a6696
247,98addc9f45,1,37.24,WT,1,Y144del,2021-03-02,FL,True,FL-0d899399bb
248,c5996823b5,1,,WT,1,Y144del,2021-03-02,FL,True,FL-b696848898
249,83a6dc864b,1,36.81,WT,1,Y144del,2021-03-02,KY,False,KY-8f0bbd21e3
250,836a219794,1,,WT,1,Y144del,2021-03-03,MT,False,MT-259e8a09ff
251,da943323ac,1,36.8,WT,1,Y144del,2021-03-03,OH,False,OH-3d532045ea
252,d5fd5a4b32,1,,WT,1,Y144del,2021-03-03,OH,False,OH-3c0bcc55dd
253,608942a960,1,38.77,WT,1,Y144del,2021-03-02,CA,False,CA-e1627b9549
254,7ecf807663,1,35.99,WT,1,Y144del,2021-03-02,NY,False,NY-d535baa7ac
255,b6313a2fe3,1,38.07,WT,1,Y144del,2021-03-02,PA,False,PA-9f036de898
256,8ab3911ce0,1,34.64,WT,1,Y144del,2021-03-02,VA,False,VA-451d253c49
257,8cdb8fe830,1,39.0,WT,1,Y144del,2021-03-01,CT,False,CT-da9b42b2a9
258,91c82e4038,1,37.68,WT,1,Y144del,2021-02-24,MA,False,MA-03304b1aa1
259,882bb1f0cf,2,37.3,WT,1,Y144del,2020-10-30,MA,False,MA-03792d2da1
260,7ee16f2f37,2,,WT,1,Y144del,2020-10-28,FL,False,FL-e8da203597
261,cb26bb2c4a,2,,WT,1,Y144del,2020-10-29,FL,False,FL-26d9107c06
262,9adbfcab1f,2,33.65,WT,1,Y144del,2020-10-29,FL,True,FL-492c4a6696
263,80c5ec6dbf,2,35.89,WT,1,Y144del,2020-10-28,MT,False,MT-259e8a09ff
264,bc8a0683ac,2,35.21,WT,1,Y144del,2020-10-28,VA,False,VA-451d253c49
265,9a1622eb61,2,,WT,1,Y144del,2020-10-27,FL,False,FL-d1166234ad
267,27daf66b18,2,37.09,WT,1,Y144del,2020-10-28,FL,True,FL-0d899399bb
269,79c2a210f3,2,38.02,WT,1,Y144del,2020-10-27,CA,False,CA-e1627b9549
270,5f12a79e99,2,36.12,WT,1,Y144del,2020-10-25,CO,False,CO-3195bf5ee3
271,63eabe6638,2,36.27,WT,1,Y144del,2020-10-28,MA,False,MA-03792d2da1
272,7f03b0cfff,2,36.57,WT,1,Y144del,2020-10-28,MA,False,MA-e639989ec2
273,239463d573,2,,WT,1,Y144del,2020-10-27,PA,False,PA-9f036de898
274,bd7d91886f,2,36.68,WT,1,Y144del,2020-10-23,KY,False,KY-8f0bbd21e3
275,1566e0dd3d,2,36.66,WT,1,Y144del,2020-10-26,CT,False,CT-da9b42b2a9
276,aaea9eaed0,2,36.43,WT,1,Y144del,2020-10-21,OH,False,OH-3d532045ea
277,b153bb7dd9,2,,WT,1,Y144del,2020-10-21,OH,False,OH-3c0bcc55dd
278,59739083ca,2,37.61,WT,1,Y144del,2020-10-20,NY,False,NY-d535baa7ac
279,245a5322c1,2,37.7,WT,1,Y144del,2020-11-05,MA,False,MA-03304b1aa1
280,75acd78083,3,36.79,WT,1,Y144del,2021-01-28,FL,True,FL-0d899399bb
281,3ceda5b8f4,3,35.82,WT,1,Y144del,2021-01-27,FL,False,FL-e8da203597
282,8b695b28da,3,37.68,WT,1,Y144del,2021-01-28,FL,False,FL-26d9107c06
283,a2bd892953,3,37.77,WT,1,Y144del,2021-01-27,FL,False,FL-d1166234ad
284,355f142ebf,3,35.44,WT,1,Y144del,2021-01-29,MA,False,MA-e639989ec2
285,7e7b62a65e,3,34.81,WT,1,Y144del,2021-01-28,FL,True,FL-492c4a6696
286,b4ea864360,3,35.38,WT,1,Y144del,2021-01-29,MA,False,MA-03792d2da1
287,ba70436e64,3,37.67,WT,1,Y144del,2021-01-27,MT,False,MT-259e8a09ff
288,3545254ec7,3,35.11,WT,1,Y144del,2021-01-26,VA,False,VA-451d253c49
289,a1fb899fec,3,36.5,WT,1,Y144del,2021-01-25,KY,False,KY-8f0bbd21e3
290,a0bb036d5b,3,36.02,WT,1,Y144del,2021-01-26,CA,False,CA-e1627b9549
291,9187bcde61,3,35.21,WT,1,Y144del,2021-01-26,PA,False,PA-9f036de898
292,dcaeb59a89,3,39.07,WT,1,Y144del,2021-01-25,MA,False,MA-03304b1aa1
293,0681d9a7c1,3,36.33,WT,1,Y144del,2021-01-24,CO,False,CO-3195bf5ee3
294,856aadabed,3,35.92,WT,1,Y144del,2021-01-25,CT,False,CT-da9b42b2a9
295,c5c081c07f,3,37.78,WT,1,Y144del,2021-01-20,OH,False,OH-3c0bcc55dd
296,41bf6b9c9e,3,36.45,WT,1,Y144del,2021-01-20,FL,True,FL-b696848898
297,2c0201a4c5,3,36.62,WT,1,Y144del,2021-01-20,OH,False,OH-3d532045ea
298,d66a428fa4,3,35.44,WT,1,Y144del,2021-01-20,NY,False,NY-d535baa7ac
299,8608df8b8b,3,35.49,WT,1,Y144del,2021-01-21,MA,False,MA-03792d2da1
300,eda521d80f,1,37.59,WT,2,Y144del,2021-02-28,CO,False,CO-3195bf5ee3
301,c685a47b56,1,39.52,WT,2,Y144del,2021-03-08,MA,False,MA-03792d2da1
302,27a1301570,1,37.08,WT,2,Y144del,2021-03-08,MA,False,MA-e639989ec2
303,83a7902a78,1,39.83,WT,2,Y144del,2021-03-03,FL,False,FL-d1166234ad
304,52fe71f8e2,1,,WT,2,Y144del,2021-03-03,FL,False,FL-e8da203597
305,8a6fd20599,1,36.84,WT,2,Y144del,2021-03-04,FL,False,FL-26d9107c06
306,0a50864c36,1,,WT,2,Y144del,2021-03-02,FL,True,FL-492c4a6696
307,98addc9f45,1,37.85,WT,2,Y144del,2021-03-02,FL,True,FL-0d899399bb
308,c5996823b5,1,,WT,2,Y144del,2021-03-02,FL,True,FL-b696848898
309,83a6dc864b,1,,WT,2,Y144del,2021-03-02,KY,False,KY-8f0bbd21e3
310,836a219794,1,37.63,WT,2,Y144del,2021-03-03,MT,False,MT-259e8a09ff
311,da943323ac,1,36.82,WT,2,Y144del,2021-03-03,OH,False,OH-3d532045ea
312,d5fd5a4b32,1,,WT,2,Y144del,2021-03-03,OH,False,OH-3c0bcc55dd
313,608942a960,1,37.04,WT,2,Y144del,2021-03-02,CA,False,CA-e1627b9549
314,7ecf807663,1,35.98,WT,2,Y144del,2021-03-02,NY,False,NY-d535baa7ac
315,b6313a2fe3,1,,WT,2,Y144del,2021-03-02,PA,False,PA-9f036de898
316,8ab3911ce0,1,35.85,WT,2,Y144del,2021-03-02,VA,False,VA-451d253c49
317,8cdb8fe830,1,37.74,WT,2,Y144del,2021-03-01,CT,False,CT-da9b42b2a9
318,91c82e4038,1,38.7,WT,2,Y144del,2021-02-24,MA,False,MA-03304b1aa1
319,882bb1f0cf,2,36.44,WT,2,Y144del,2020-10-30,MA,False,MA-03792d2da1
320,7ee16f2f37,2,37.33,WT,2,Y144del,2020-10-28,FL,False,FL-e8da203597
321,cb26bb2c4a,2,36.66,WT,2,Y144del,2020-10-29,FL,False,FL-26d9107c06
322,9adbfcab1f,2,33.55,WT,2,Y144del,2020-10-29,FL,True,FL-492c4a6696
323,80c5ec6dbf,2,36.56,WT,2,Y144del,2020-10-28,MT,False,MT-259e8a09ff
324,bc8a0683ac,2,35.4,WT,2,Y144del,2020-10-28,VA,False,VA-451d253c49
325,9a1622eb61,2,,WT,2,Y144del,2020-10-27,FL,False,FL-d1166234ad
327,27daf66b18,2,,WT,2,Y144del,2020-10-28,FL,True,FL-0d899399bb
329,79c2a210f3,2,37.9,WT,2,Y144del,2020-10-27,CA,False,CA-e1627b9549
330,5f12a79e99,2,36.18,WT,2,Y144del,2020-10-25,CO,False,CO-3195bf5ee3
331,63eabe6638,2,36.83,WT,2,Y144del,2020-10-28,MA,False,MA-03792d2da1
332,7f03b0cfff,2,,WT,2,Y144del,2020-10-28,MA,False,MA-e639989ec2
333,239463d573,2,37.13,WT,2,Y144del,2020-10-27,PA,False,PA-9f036de898
334,bd7d91886f,2,36.17,WT,2,Y144del,2020-10-23,KY,False,KY-8f0bbd21e3
335,1566e0dd3d,2,37.19,WT,2,Y144del,2020-10-26,CT,False,CT-da9b42b2a9
336,aaea9eaed0,2,36.87,WT,2,Y144del,2020-10-21,OH,False,OH-3d532045ea
337,b153bb7dd9,2,,WT,2,Y144del,2020-10-21,OH,False,OH-3c0bcc55dd
338,59739083ca,2,36.05,WT,2,Y144del,2020-10-20,NY,False,NY-d535baa7ac
339,245a5322c1,2,36.19,WT,2,Y144del,2020-11-05,MA,False,MA-03304b1aa1
340,75acd78083,3,36.86,WT,2,Y144del,2021-01-28,FL,True,FL-0d899399bb
341,3ceda5b8f4,3,36.42,WT,2,Y144del,2021-01-27,FL,False,FL-e8da203597
342,8b695b28da,3,36.28,WT,2,Y144del,2021-01-28,FL,False,FL-26d9107c06
343,a2bd892953,3,37.23,WT,2,Y144del,2021-01-27,FL,False,FL-d1166234ad
344,355f142ebf,3,34.88,WT,2,Y144del,2021-01-29,MA,False,MA-e639989ec2
345,7e7b62a65e,3,35.97,WT,2,Y144del,2021-01-28,FL,True,FL-492c4a6696
346,b4ea864360,3,36.04,WT,2,Y144del,2021-01-29,MA,False,MA-03792d2da1
347,ba70436e64,3,36.22,WT,2,Y144del,2021-01-27,MT,False,MT-259e8a09ff
348,3545254ec7,3,35.4,WT,2,Y144del,2021-01-26,VA,False,VA-451d253c49
349,a1fb899fec,3,37.12,WT,2,Y144del,2021-01-25,KY,False,KY-8f0bbd21e3
350,a0bb036d5b,3,35.95,WT,2,Y144del,2021-01-26,CA,False,CA-e1627b9549
351,9187bcde61,3,35.45,WT,2,Y144del,2021-01-26,PA,False,PA-9f036de898
352,dcaeb59a89,3,36.97,WT,2,Y144del,2021-01-25,MA,False,MA-03304b1aa1
353,0681d9a7c1,3,37.33,WT,2,Y144del,2021-01-24,CO,False,CO-3195bf5ee3
354,856aadabed,3,35.58,WT,2,Y144del,2021-01-25,CT,False,CT-da9b42b2a9
355,c5c081c07f,3,37.49,WT,2,Y144del,2021-01-20,OH,False,OH-3c0bcc55dd
356,41bf6b9c9e,3,36.57,WT,2,Y144del,2021-01-20,FL,True,FL-b696848898
357,2c0201a4c5,3,35.06,WT,2,Y144del,2021-01-20,OH,False,OH-3d532045ea
358,d66a428fa4,3,35.11,WT,2,Y144del,2021-01-20,NY,False,NY-d535baa7ac
359,8608df8b8b,3,35.49,WT,2,Y144del,2021-01-21,MA,False,MA-03792d2da1
360,eda521d80f,1,38.98,B.1.1.7,1,Y144del,2021-02-28,CO,False,CO-3195bf5ee3
361,c685a47b56,1,38.98,B.1.1.7,1,Y144del,2021-03-08,MA,False,MA-03792d2da1
362,27a1301570,1,38.45,B.1.1.7,1,Y144del,2021-03-08,MA,False,MA-e639989ec2
363,83a7902a78,1,,B.1.1.7,1,Y144del,2021-03-03,FL,False,FL-d1166234ad
364,52fe71f8e2,1,39.04,B.1.1.7,1,Y144del,2021-03-03,FL,False,FL-e8da203597
365,8a6fd20599,1,39.09,B.1.1.7,1,Y144del,2021-03-04,FL,False,FL-26d9107c06
366,0a50864c36,1,37.19,B.1.1.7,1,Y144del,2021-03-02,FL,True,FL-492c4a6696
367,98addc9f45,1,34.97,B.1.1.7,1,Y144del,2021-03-02,FL,True,FL-0d899399bb
368,c5996823b5,1,,B.1.1.7,1,Y144del,2021-03-02,FL,True,FL-b696848898
369,83a6dc864b,1,,B.1.1.7,1,Y144del,2021-03-02,KY,False,KY-8f0bbd21e3
370,836a219794,1,,B.1.1.7,1,Y144del,2021-03-03,MT,False,MT-259e8a09ff
371,da943323ac,1,,B.1.1.7,1,Y144del,2021-03-03,OH,False,OH-3d532045ea
372,d5fd5a4b32,1,,B.1.1.7,1,Y144del,2021-03-03,OH,False,OH-3c0bcc55dd
373,608942a960,1,39.05,B.1.1.7,1,Y144del,2021-03-02,CA,False,CA-e1627b9549
374,7ecf807663,1,37.44,B.1.1.7,1,Y144del,2021-03-02,NY,False,NY-d535baa7ac
375,b6313a2fe3,1,,B.1.1.7,1,Y144del,2021-03-02,PA,False,PA-9f036de898
376,8ab3911ce0,1,37.52,B.1.1.7,1,Y144del,2021-03-02,VA,False,VA-451d253c49
377,8cdb8fe830,1,,B.1.1.7,1,Y144del,2021-03-01,CT,False,CT-da9b42b2a9
378,91c82e4038,1,38.65,B.1.1.7,1,Y144del,2021-02-24,MA,False,MA-03304b1aa1
379,882bb1f0cf,2,,B.1.1.7,1,Y144del,2020-10-30,MA,False,MA-03792d2da1
380,7ee16f2f37,2,,B.1.1.7,1,Y144del,2020-10-28,FL,False,FL-e8da203597
381,cb26bb2c4a,2,,B.1.1.7,1,Y144del,2020-10-29,FL,False,FL-26d9107c06
382,9adbfcab1f,2,38.85,B.1.1.7,1,Y144del,2020-10-29,FL,True,FL-492c4a6696
383,80c5ec6dbf,2,,B.1.1.7,1,Y144del,2020-10-28,MT,False,MT-259e8a09ff
384,bc8a0683ac,2,,B.1.1.7,1,Y144del,2020-10-28,VA,False,VA-451d253c49
385,9a1622eb61,2,,B.1.1.7,1,Y144del,2020-10-27,FL,False,FL-d1166234ad
387,27daf66b18,2,,B.1.1.7,1,Y144del,2020-10-28,FL,True,FL-0d899399bb
389,79c2a210f3,2,,B.1.1.7,1,Y144del,2020-10-27,CA,False,CA-e1627b9549
390,5f12a79e99,2,,B.1.1.7,1,Y144del,2020-10-25,CO,False,CO-3195bf5ee3
391,63eabe6638,2,,B.1.1.7,1,Y144del,2020-10-28,MA,False,MA-03792d2da1
392,7f03b0cfff,2,,B.1.1.7,1,Y144del,2020-10-28,MA,False,MA-e639989ec2
393,239463d573,2,,B.1.1.7,1,Y144del,2020-10-27,PA,False,PA-9f036de898
394,bd7d91886f,2,,B.1.1.7,1,Y144del,2020-10-23,KY,False,KY-8f0bbd21e3
395,1566e0dd3d,2,,B.1.1.7,1,Y144del,2020-10-26,CT,False,CT-da9b42b2a9
396,aaea9eaed0,2,,B.1.1.7,1,Y144del,2020-10-21,OH,False,OH-3d532045ea
397,b153bb7dd9,2,,B.1.1.7,1,Y144del,2020-10-21,OH,False,OH-3c0bcc55dd
398,59739083ca,2,,B.1.1.7,1,Y144del,2020-10-20,NY,False,NY-d535baa7ac
399,245a5322c1,2,,B.1.1.7,1,Y144del,2020-11-05,MA,False,MA-03304b1aa1
400,75acd78083,3,,B.1.1.7,1,Y144del,2021-01-28,FL,True,FL-0d899399bb
401,3ceda5b8f4,3,38.83,B.1.1.7,1,Y144del,2021-01-27,FL,False,FL-e8da203597
402,8b695b28da,3,39.02,B.1.1.7,1,Y144del,2021-01-28,FL,False,FL-26d9107c06
403,a2bd892953,3,,B.1.1.7,1,Y144del,2021-01-27,FL,False,FL-d1166234ad
404,355f142ebf,3,,B.1.1.7,1,Y144del,2021-01-29,MA,False,MA-e639989ec2
405,7e7b62a65e,3,38.79,B.1.1.7,1,Y144del,2021-01-28,FL,True,FL-492c4a6696
406,b4ea864360,3,,B.1.1.7,1,Y144del,2021-01-29,MA,False,MA-03792d2da1
407,ba70436e64,3,,B.1.1.7,1,Y144del,2021-01-27,MT,False,MT-259e8a09ff
408,3545254ec7,3,,B.1.1.7,1,Y144del,2021-01-26,VA,False,VA-451d253c49
409,a1fb899fec,3,,B.1.1.7,1,Y144del,2021-01-25,KY,False,KY-8f0bbd21e3
410,a0bb036d5b,3,,B.1.1.7,1,Y144del,2021-01-26,CA,False,CA-e1627b9549
411,9187bcde61,3,,B.1.1.7,1,Y144del,2021-01-26,PA,False,PA-9f036de898
412,dcaeb59a89,3,,B.1.1.7,1,Y144del,2021-01-25,MA,False,MA-03304b1aa1
413,0681d9a7c1,3,,B.1.1.7,1,Y144del,2021-01-24,CO,False,CO-3195bf5ee3
414,856aadabed,3,,B.1.1.7,1,Y144del,2021-01-25,CT,False,CT-da9b42b2a9
415,c5c081c07f,3,,B.1.1.7,1,Y144del,2021-01-20,OH,False,OH-3c0bcc55dd
416,41bf6b9c9e,3,,B.1.1.7,1,Y144del,2021-01-20,FL,True,FL-b696848898
417,2c0201a4c5,3,,B.1.1.7,1,Y144del,2021-01-20,OH,False,OH-3d532045ea
418,d66a428fa4,3,,B.1.1.7,1,Y144del,2021-01-20,NY,False,NY-d535baa7ac
419,8608df8b8b,3,39.92,B.1.1.7,1,Y144del,2021-01-21,MA,False,MA-03792d2da1
420,eda521d80f,1,39.9,B.1.1.7,2,Y144del,2021-02-28,CO,False,CO-3195bf5ee3
421,c685a47b56,1,37.27,B.1.1.7,2,Y144del,2021-03-08,MA,False,MA-03792d2da1
422,27a1301570,1,38.42,B.1.1.7,2,Y144del,2021-03-08,MA,False,MA-e639989ec2
423,83a7902a78,1,,B.1.1.7,2,Y144del,2021-03-03,FL,False,FL-d1166234ad
424,52fe71f8e2,1,39.84,B.1.1.7,2,Y144del,2021-03-03,FL,False,FL-e8da203597
425,8a6fd20599,1,40.23,B.1.1.7,2,Y144del,2021-03-04,FL,False,FL-26d9107c06
426,0a50864c36,1,38.0,B.1.1.7,2,Y144del,2021-03-02,FL,True,FL-492c4a6696
427,98addc9f45,1,35.03,B.1.1.7,2,Y144del,2021-03-02,FL,True,FL-0d899399bb
428,c5996823b5,1,38.36,B.1.1.7,2,Y144del,2021-03-02,FL,True,FL-b696848898
429,83a6dc864b,1,,B.1.1.7,2,Y144del,2021-03-02,KY,False,KY-8f0bbd21e3
430,836a219794,1,,B.1.1.7,2,Y144del,2021-03-03,MT,False,MT-259e8a09ff
431,da943323ac,1,,B.1.1.7,2,Y144del,2021-03-03,OH,False,OH-3d532045ea
432,d5fd5a4b32,1,,B.1.1.7,2,Y144del,2021-03-03,OH,False,OH-3c0bcc55dd
433,608942a960,1,39.93,B.1.1.7,2,Y144del,2021-03-02,CA,False,CA-e1627b9549
434,7ecf807663,1,38.3,B.1.1.7,2,Y144del,2021-03-02,NY,False,NY-d535baa7ac
435,b6313a2fe3,1,,B.1.1.7,2,Y144del,2021-03-02,PA,False,PA-9f036de898
436,8ab3911ce0,1,37.65,B.1.1.7,2,Y144del,2021-03-02,VA,False,VA-451d253c49
437,8cdb8fe830,1,,B.1.1.7,2,Y144del,2021-03-01,CT,False,CT-da9b42b2a9
438,91c82e4038,1,,B.1.1.7,2,Y144del,2021-02-24,MA,False,MA-03304b1aa1
439,882bb1f0cf,2,,B.1.1.7,2,Y144del,2020-10-30,MA,False,MA-03792d2da1
440,7ee16f2f37,2,,B.1.1.7,2,Y144del,2020-10-28,FL,False,FL-e8da203597
441,cb26bb2c4a,2,,B.1.1.7,2,Y144del,2020-10-29,FL,False,FL-26d9107c06
442,9adbfcab1f,2,,B.1.1.7,2,Y144del,2020-10-29,FL,True,FL-492c4a6696
443,80c5ec6dbf,2,,B.1.1.7,2,Y144del,2020-10-28,MT,False,MT-259e8a09ff
444,bc8a0683ac,2,,B.1.1.7,2,Y144del,2020-10-28,VA,False,VA-451d253c49
445,9a1622eb61,2,,B.1.1.7,2,Y144del,2020-10-27,FL,False,FL-d1166234ad
447,27daf66b18,2,,B.1.1.7,2,Y144del,2020-10-28,FL,True,FL-0d899399bb
449,79c2a210f3,2,,B.1.1.7,2,Y144del,2020-10-27,CA,False,CA-e1627b9549
450,5f12a79e99,2,,B.1.1.7,2,Y144del,2020-10-25,CO,False,CO-3195bf5ee3
451,63eabe6638,2,,B.1.1.7,2,Y144del,2020-10-28,MA,False,MA-03792d2da1
452,7f03b0cfff,2,,B.1.1.7,2,Y144del,2020-10-28,MA,False,MA-e639989ec2
453,239463d573,2,,B.1.1.7,2,Y144del,2020-10-27,PA,False,PA-9f036de898
454,bd7d91886f,2,,B.1.1.7,2,Y144del,2020-10-23,KY,False,KY-8f0bbd21e3
455,1566e0dd3d,2,,B.1.1.7,2,Y144del,2020-10-26,CT,False,CT-da9b42b2a9
456,aaea9eaed0,2,,B.1.1.7,2,Y144del,2020-10-21,OH,False,OH-3d532045ea
457,b153bb7dd9,2,,B.1.1.7,2,Y144del,2020-10-21,OH,False,OH-3c0bcc55dd
458,59739083ca,2,,B.1.1.7,2,Y144del,2020-10-20,NY,False,NY-d535baa7ac
459,245a5322c1,2,,B.1.1.7,2,Y144del,2020-11-05,MA,False,MA-03304b1aa1
460,75acd78083,3,,B.1.1.7,2,Y144del,2021-01-28,FL,True,FL-0d899399bb
461,3ceda5b8f4,3,38.03,B.1.1.7,2,Y144del,2021-01-27,FL,False,FL-e8da203597
462,8b695b28da,3,38.42,B.1.1.7,2,Y144del,2021-01-28,FL,False,FL-26d9107c06
463,a2bd892953,3,,B.1.1.7,2,Y144del,2021-01-27,FL,False,FL-d1166234ad
464,355f142ebf,3,,B.1.1.7,2,Y144del,2021-01-29,MA,False,MA-e639989ec2
465,7e7b62a65e,3,38.3,B.1.1.7,2,Y144del,2021-01-28,FL,True,FL-492c4a6696
466,b4ea864360,3,39.6,B.1.1.7,2,Y144del,2021-01-29,MA,False,MA-03792d2da1
467,ba70436e64,3,,B.1.1.7,2,Y144del,2021-01-27,MT,False,MT-259e8a09ff
468,3545254ec7,3,,B.1.1.7,2,Y144del,2021-01-26,VA,False,VA-451d253c49
469,a1fb899fec,3,,B.1.1.7,2,Y144del,2021-01-25,KY,False,KY-8f0bbd21e3
470,a0bb036d5b,3,,B.1.1.7,2,Y144del,2021-01-26,CA,False,CA-e1627b9549
471,9187bcde61,3,,B.1.1.7,2,Y144del,2021-01-26,PA,False,PA-9f036de898
472,dcaeb59a89,3,,B.1.1.7,2,Y144del,2021-01-25,MA,False,MA-03304b1aa1
473,0681d9a7c1,3,,B.1.1.7,2,Y144del,2021-01-24,CO,False,CO-3195bf5ee3
474,856aadabed,3,,B.1.1.7,2,Y144del,2021-01-25,CT,False,CT-da9b42b2a9
475,c5c081c07f,3,,B.1.1.7,2,Y144del,2021-01-20,OH,False,OH-3c0bcc55dd
476,41bf6b9c9e,3,,B.1.1.7,2,Y144del,2021-01-20,FL,True,FL-b696848898
477,2c0201a4c5,3,39.69,B.1.1.7,2,Y144del,2021-01-20,OH,False,OH-3d532045ea
478,d66a428fa4,3,,B.1.1.7,2,Y144del,2021-01-20,NY,False,NY-d535baa7ac
479,8608df8b8b,3,,B.1.1.7,2,Y144del,2021-01-21,MA,False,MA-03792d2da1
480,eda521d80f,1,36.0,WT,1,A570D,2021-02-28,CO,False,CO-3195bf5ee3
481,c685a47b56,1,38.31,WT,1,A570D,2021-03-08,MA,False,MA-03792d2da1
482,27a1301570,1,36.16,WT,1,A570D,2021-03-08,MA,False,MA-e639989ec2
483,83a7902a78,1,,WT,1,A570D,2021-03-03,FL,False,FL-d1166234ad
484,52fe71f8e2,1,37.01,WT,1,A570D,2021-03-03,FL,False,FL-e8da203597
485,8a6fd20599,1,38.31,WT,1,A570D,2021-03-04,FL,False,FL-26d9107c06
486,0a50864c36,1,,WT,1,A570D,2021-03-02,FL,True,FL-492c4a6696
487,98addc9f45,1,37.13,WT,1,A570D,2021-03-02,FL,True,FL-0d899399bb
488,c5996823b5,1,,WT,1,A570D,2021-03-02,FL,True,FL-b696848898
489,83a6dc864b,1,38.18,WT,1,A570D,2021-03-02,KY,False,KY-8f0bbd21e3
490,836a219794,1,37.36,WT,1,A570D,2021-03-03,MT,False,MT-259e8a09ff
491,da943323ac,1,35.78,WT,1,A570D,2021-03-03,OH,False,OH-3d532045ea
492,d5fd5a4b32,1,37.85,WT,1,A570D,2021-03-03,OH,False,OH-3c0bcc55dd
493,608942a960,1,36.11,WT,1,A570D,2021-03-02,CA,False,CA-e1627b9549
494,7ecf807663,1,37.28,WT,1,A570D,2021-03-02,NY,False,NY-d535baa7ac
495,b6313a2fe3,1,38.57,WT,1,A570D,2021-03-02,PA,False,PA-9f036de898
496,8ab3911ce0,1,35.23,WT,1,A570D,2021-03-02,VA,False,VA-451d253c49
497,8cdb8fe830,1,37.45,WT,1,A570D,2021-03-01,CT,False,CT-da9b42b2a9
498,91c82e4038,1,,WT,1,A570D,2021-02-24,MA,False,MA-03304b1aa1
499,882bb1f0cf,2,38.21,WT,1,A570D,2020-10-30,MA,False,MA-03792d2da1
500,7ee16f2f37,2,39.13,WT,1,A570D,2020-10-28,FL,False,FL-e8da203597
501,cb26bb2c4a,2,39.28,WT,1,A570D,2020-10-29,FL,False,FL-26d9107c06
502,9adbfcab1f,2,32.94,WT,1,A570D,2020-10-29,FL,True,FL-492c4a6696
503,80c5ec6dbf,2,35.62,WT,1,A570D,2020-10-28,MT,False,MT-259e8a09ff
504,bc8a0683ac,2,35.23,WT,1,A570D,2020-10-28,VA,False,VA-451d253c49
505,9a1622eb61,2,38.19,WT,1,A570D,2020-10-27,FL,False,FL-d1166234ad
507,27daf66b18,2,,WT,1,A570D,2020-10-28,FL,True,FL-0d899399bb
509,79c2a210f3,2,36.88,WT,1,A570D,2020-10-27,CA,False,CA-e1627b9549
510,5f12a79e99,2,35.84,WT,1,A570D,2020-10-25,CO,False,CO-3195bf5ee3
511,63eabe6638,2,36.82,WT,1,A570D,2020-10-28,MA,False,MA-03792d2da1
512,7f03b0cfff,2,38.26,WT,1,A570D,2020-10-28,MA,False,MA-e639989ec2
513,239463d573,2,38.62,WT,1,A570D,2020-10-27,PA,False,PA-9f036de898
514,bd7d91886f,2,36.36,WT,1,A570D,2020-10-23,KY,False,KY-8f0bbd21e3
515,1566e0dd3d,2,39.24,WT,1,A570D,2020-10-26,CT,False,CT-da9b42b2a9
516,aaea9eaed0,2,38.86,WT,1,A570D,2020-10-21,OH,False,OH-3d532045ea
517,b153bb7dd9,2,36.57,WT,1,A570D,2020-10-21,OH,False,OH-3c0bcc55dd
518,59739083ca,2,,WT,1,A570D,2020-10-20,NY,False,NY-d535baa7ac
519,245a5322c1,2,38.23,WT,1,A570D,2020-11-05,MA,False,MA-03304b1aa1
520,75acd78083,3,36.63,WT,1,A570D,2021-01-28,FL,True,FL-0d899399bb
521,3ceda5b8f4,3,35.36,WT,1,A570D,2021-01-27,FL,False,FL-e8da203597
522,8b695b28da,3,36.15,WT,1,A570D,2021-01-28,FL,False,FL-26d9107c06
523,a2bd892953,3,,WT,1,A570D,2021-01-27,FL,False,FL-d1166234ad
524,355f142ebf,3,34.89,WT,1,A570D,2021-01-29,MA,False,MA-e639989ec2
525,7e7b62a65e,3,33.82,WT,1,A570D,2021-01-28,FL,True,FL-492c4a6696
526,b4ea864360,3,35.58,WT,1,A570D,2021-01-29,MA,False,MA-03792d2da1
527,ba70436e64,3,36.31,WT,1,A570D,2021-01-27,MT,False,MT-259e8a09ff
528,3545254ec7,3,34.09,WT,1,A570D,2021-01-26,VA,False,VA-451d253c49
529,a1fb899fec,3,35.3,WT,1,A570D,2021-01-25,KY,False,KY-8f0bbd21e3
530,a0bb036d5b,3,35.66,WT,1,A570D,2021-01-26,CA,False,CA-e1627b9549
531,9187bcde61,3,34.72,WT,1,A570D,2021-01-26,PA,False,PA-9f036de898
532,dcaeb59a89,3,36.66,WT,1,A570D,2021-01-25,MA,False,MA-03304b1aa1
533,0681d9a7c1,3,36.88,WT,1,A570D,2021-01-24,CO,False,CO-3195bf5ee3
534,856aadabed,3,35.4,WT,1,A570D,2021-01-25,CT,False,CT-da9b42b2a9
535,c5c081c07f,3,36.77,WT,1,A570D,2021-01-20,OH,False,OH-3c0bcc55dd
536,41bf6b9c9e,3,35.97,WT,1,A570D,2021-01-20,FL,True,FL-b696848898
537,2c0201a4c5,3,34.62,WT,1,A570D,2021-01-20,OH,False,OH-3d532045ea
538,d66a428fa4,3,34.59,WT,1,A570D,2021-01-20,NY,False,NY-d535baa7ac
539,8608df8b8b,3,35.07,WT,1,A570D,2021-01-21,MA,False,MA-03792d2da1
540,eda521d80f,1,36.89,WT,2,A570D,2021-02-28,CO,False,CO-3195bf5ee3
541,c685a47b56,1,,WT,2,A570D,2021-03-08,MA,False,MA-03792d2da1
542,27a1301570,1,37.79,WT,2,A570D,2021-03-08,MA,False,MA-e639989ec2
543,83a7902a78,1,,WT,2,A570D,2021-03-03,FL,False,FL-d1166234ad
544,52fe71f8e2,1,38.18,WT,2,A570D,2021-03-03,FL,False,FL-e8da203597
545,8a6fd20599,1,37.2,WT,2,A570D,2021-03-04,FL,False,FL-26d9107c06
546,0a50864c36,1,,WT,2,A570D,2021-03-02,FL,True,FL-492c4a6696
547,98addc9f45,1,37.58,WT,2,A570D,2021-03-02,FL,True,FL-0d899399bb
548,c5996823b5,1,,WT,2,A570D,2021-03-02,FL,True,FL-b696848898
549,83a6dc864b,1,39.08,WT,2,A570D,2021-03-02,KY,False,KY-8f0bbd21e3
550,836a219794,1,,WT,2,A570D,2021-03-03,MT,False,MT-259e8a09ff
551,da943323ac,1,36.6,WT,2,A570D,2021-03-03,OH,False,OH-3d532045ea
552,d5fd5a4b32,1,,WT,2,A570D,2021-03-03,OH,False,OH-3c0bcc55dd
553,608942a960,1,36.46,WT,2,A570D,2021-03-02,CA,False,CA-e1627b9549
554,7ecf807663,1,36.14,WT,2,A570D,2021-03-02,NY,False,NY-d535baa7ac
555,b6313a2fe3,1,36.99,WT,2,A570D,2021-03-02,PA,False,PA-9f036de898
556,8ab3911ce0,1,35.24,WT,2,A570D,2021-03-02,VA,False,VA-451d253c49
557,8cdb8fe830,1,37.22,WT,2,A570D,2021-03-01,CT,False,CT-da9b42b2a9
558,91c82e4038,1,,WT,2,A570D,2021-02-24,MA,False,MA-03304b1aa1
559,882bb1f0cf,2,36.53,WT,2,A570D,2020-10-30,MA,False,MA-03792d2da1
560,7ee16f2f37,2,38.24,WT,2,A570D,2020-10-28,FL,False,FL-e8da203597
561,cb26bb2c4a,2,37.59,WT,2,A570D,2020-10-29,FL,False,FL-26d9107c06
562,9adbfcab1f,2,32.64,WT,2,A570D,2020-10-29,FL,True,FL-492c4a6696
563,80c5ec6dbf,2,35.95,WT,2,A570D,2020-10-28,MT,False,MT-259e8a09ff
564,bc8a0683ac,2,35.32,WT,2,A570D,2020-10-28,VA,False,VA-451d253c49
565,9a1622eb61,2,38.1,WT,2,A570D,2020-10-27,FL,False,FL-d1166234ad
567,27daf66b18,2,,WT,2,A570D,2020-10-28,FL,True,FL-0d899399bb
569,79c2a210f3,2,39.23,WT,2,A570D,2020-10-27,CA,False,CA-e1627b9549
570,5f12a79e99,2,36.45,WT,2,A570D,2020-10-25,CO,False,CO-3195bf5ee3
571,63eabe6638,2,35.59,WT,2,A570D,2020-10-28,MA,False,MA-03792d2da1
572,7f03b0cfff,2,36.59,WT,2,A570D,2020-10-28,MA,False,MA-e639989ec2
573,239463d573,2,37.53,WT,2,A570D,2020-10-27,PA,False,PA-9f036de898
574,bd7d91886f,2,36.17,WT,2,A570D,2020-10-23,KY,False,KY-8f0bbd21e3
575,1566e0dd3d,2,38.78,WT,2,A570D,2020-10-26,CT,False,CT-da9b42b2a9
576,aaea9eaed0,2,36.42,WT,2,A570D,2020-10-21,OH,False,OH-3d532045ea
577,b153bb7dd9,2,,WT,2,A570D,2020-10-21,OH,False,OH-3c0bcc55dd
578,59739083ca,2,38.4,WT,2,A570D,2020-10-20,NY,False,NY-d535baa7ac
579,245a5322c1,2,,WT,2,A570D,2020-11-05,MA,False,MA-03304b1aa1
580,75acd78083,3,36.19,WT,2,A570D,2021-01-28,FL,True,FL-0d899399bb
581,3ceda5b8f4,3,35.23,WT,2,A570D,2021-01-27,FL,False,FL-e8da203597
582,8b695b28da,3,36.04,WT,2,A570D,2021-01-28,FL,False,FL-26d9107c06
583,a2bd892953,3,36.78,WT,2,A570D,2021-01-27,FL,False,FL-d1166234ad
584,355f142ebf,3,35.04,WT,2,A570D,2021-01-29,MA,False,MA-e639989ec2
585,7e7b62a65e,3,34.7,WT,2,A570D,2021-01-28,FL,True,FL-492c4a6696
586,b4ea864360,3,35.21,WT,2,A570D,2021-01-29,MA,False,MA-03792d2da1
587,ba70436e64,3,37.73,WT,2,A570D,2021-01-27,MT,False,MT-259e8a09ff
588,3545254ec7,3,33.77,WT,2,A570D,2021-01-26,VA,False,VA-451d253c49
589,a1fb899fec,3,35.75,WT,2,A570D,2021-01-25,KY,False,KY-8f0bbd21e3
590,a0bb036d5b,3,36.05,WT,2,A570D,2021-01-26,CA,False,CA-e1627b9549
591,9187bcde61,3,34.55,WT,2,A570D,2021-01-26,PA,False,PA-9f036de898
592,dcaeb59a89,3,38.24,WT,2,A570D,2021-01-25,MA,False,MA-03304b1aa1
593,0681d9a7c1,3,37.46,WT,2,A570D,2021-01-24,CO,False,CO-3195bf5ee3
594,856aadabed,3,35.68,WT,2,A570D,2021-01-25,CT,False,CT-da9b42b2a9
595,c5c081c07f,3,37.18,WT,2,A570D,2021-01-20,OH,False,OH-3c0bcc55dd
596,41bf6b9c9e,3,35.8,WT,2,A570D,2021-01-20,FL,True,FL-b696848898
597,2c0201a4c5,3,35.34,WT,2,A570D,2021-01-20,OH,False,OH-3d532045ea
598,d66a428fa4,3,34.52,WT,2,A570D,2021-01-20,NY,False,NY-d535baa7ac
599,8608df8b8b,3,34.99,WT,2,A570D,2021-01-21,MA,False,MA-03792d2da1
600,eda521d80f,1,,B.1.1.7,1,A570D,2021-02-28,CO,False,CO-3195bf5ee3
601,c685a47b56,1,36.99,B.1.1.7,1,A570D,2021-03-08,MA,False,MA-03792d2da1
602,27a1301570,1,37.65,B.1.1.7,1,A570D,2021-03-08,MA,False,MA-e639989ec2
603,83a7902a78,1,40.83,B.1.1.7,1,A570D,2021-03-03,FL,False,FL-d1166234ad
604,52fe71f8e2,1,,B.1.1.7,1,A570D,2021-03-03,FL,False,FL-e8da203597
605,8a6fd20599,1,38.86,B.1.1.7,1,A570D,2021-03-04,FL,False,FL-26d9107c06
606,0a50864c36,1,36.2,B.1.1.7,1,A570D,2021-03-02,FL,True,FL-492c4a6696
607,98addc9f45,1,34.46,B.1.1.7,1,A570D,2021-03-02,FL,True,FL-0d899399bb
608,c5996823b5,1,37.71,B.1.1.7,1,A570D,2021-03-02,FL,True,FL-b696848898
609,83a6dc864b,1,,B.1.1.7,1,A570D,2021-03-02,KY,False,KY-8f0bbd21e3
610,836a219794,1,,B.1.1.7,1,A570D,2021-03-03,MT,False,MT-259e8a09ff
611,da943323ac,1,,B.1.1.7,1,A570D,2021-03-03,OH,False,OH-3d532045ea
612,d5fd5a4b32,1,,B.1.1.7,1,A570D,2021-03-03,OH,False,OH-3c0bcc55dd
613,608942a960,1,,B.1.1.7,1,A570D,2021-03-02,CA,False,CA-e1627b9549
614,7ecf807663,1,36.81,B.1.1.7,1,A570D,2021-03-02,NY,False,NY-d535baa7ac
615,b6313a2fe3,1,,B.1.1.7,1,A570D,2021-03-02,PA,False,PA-9f036de898
616,8ab3911ce0,1,37.52,B.1.1.7,1,A570D,2021-03-02,VA,False,VA-451d253c49
617,8cdb8fe830,1,,B.1.1.7,1,A570D,2021-03-01,CT,False,CT-da9b42b2a9
618,91c82e4038,1,,B.1.1.7,1,A570D,2021-02-24,MA,False,MA-03304b1aa1
619,882bb1f0cf,2,,B.1.1.7,1,A570D,2020-10-30,MA,False,MA-03792d2da1
620,7ee16f2f37,2,,B.1.1.7,1,A570D,2020-10-28,FL,False,FL-e8da203597
621,cb26bb2c4a,2,,B.1.1.7,1,A570D,2020-10-29,FL,False,FL-26d9107c06
622,9adbfcab1f,2,,B.1.1.7,1,A570D,2020-10-29,FL,True,FL-492c4a6696
623,80c5ec6dbf,2,,B.1.1.7,1,A570D,2020-10-28,MT,False,MT-259e8a09ff
624,bc8a0683ac,2,,B.1.1.7,1,A570D,2020-10-28,VA,False,VA-451d253c49
625,9a1622eb61,2,,B.1.1.7,1,A570D,2020-10-27,FL,False,FL-d1166234ad
627,27daf66b18,2,,B.1.1.7,1,A570D,2020-10-28,FL,True,FL-0d899399bb
629,79c2a210f3,2,,B.1.1.7,1,A570D,2020-10-27,CA,False,CA-e1627b9549
630,5f12a79e99,2,,B.1.1.7,1,A570D,2020-10-25,CO,False,CO-3195bf5ee3
631,63eabe6638,2,,B.1.1.7,1,A570D,2020-10-28,MA,False,MA-03792d2da1
632,7f03b0cfff,2,,B.1.1.7,1,A570D,2020-10-28,MA,False,MA-e639989ec2
633,239463d573,2,,B.1.1.7,1,A570D,2020-10-27,PA,False,PA-9f036de898
634,bd7d91886f,2,,B.1.1.7,1,A570D,2020-10-23,KY,False,KY-8f0bbd21e3
635,1566e0dd3d,2,,B.1.1.7,1,A570D,2020-10-26,CT,False,CT-da9b42b2a9
636,aaea9eaed0,2,,B.1.1.7,1,A570D,2020-10-21,OH,False,OH-3d532045ea
637,b153bb7dd9,2,,B.1.1.7,1,A570D,2020-10-21,OH,False,OH-3c0bcc55dd
638,59739083ca,2,,B.1.1.7,1,A570D,2020-10-20,NY,False,NY-d535baa7ac
639,245a5322c1,2,,B.1.1.7,1,A570D,2020-11-05,MA,False,MA-03304b1aa1
640,75acd78083,3,,B.1.1.7,1,A570D,2021-01-28,FL,True,FL-0d899399bb
641,3ceda5b8f4,3,38.21,B.1.1.7,1,A570D,2021-01-27,FL,False,FL-e8da203597
642,8b695b28da,3,38.68,B.1.1.7,1,A570D,2021-01-28,FL,False,FL-26d9107c06
643,a2bd892953,3,,B.1.1.7,1,A570D,2021-01-27,FL,False,FL-d1166234ad
644,355f142ebf,3,,B.1.1.7,1,A570D,2021-01-29,MA,False,MA-e639989ec2
645,7e7b62a65e,3,,B.1.1.7,1,A570D,2021-01-28,FL,True,FL-492c4a6696
646,b4ea864360,3,,B.1.1.7,1,A570D,2021-01-29,MA,False,MA-03792d2da1
647,ba70436e64,3,,B.1.1.7,1,A570D,2021-01-27,MT,False,MT-259e8a09ff
648,3545254ec7,3,,B.1.1.7,1,A570D,2021-01-26,VA,False,VA-451d253c49
649,a1fb899fec,3,,B.1.1.7,1,A570D,2021-01-25,KY,False,KY-8f0bbd21e3
650,a0bb036d5b,3,,B.1.1.7,1,A570D,2021-01-26,CA,False,CA-e1627b9549
651,9187bcde61,3,,B.1.1.7,1,A570D,2021-01-26,PA,False,PA-9f036de898
652,dcaeb59a89,3,,B.1.1.7,1,A570D,2021-01-25,MA,False,MA-03304b1aa1
653,0681d9a7c1,3,,B.1.1.7,1,A570D,2021-01-24,CO,False,CO-3195bf5ee3
654,856aadabed,3,,B.1.1.7,1,A570D,2021-01-25,CT,False,CT-da9b42b2a9
655,c5c081c07f,3,,B.1.1.7,1,A570D,2021-01-20,OH,False,OH-3c0bcc55dd
656,41bf6b9c9e,3,,B.1.1.7,1,A570D,2021-01-20,FL,True,FL-b696848898
657,2c0201a4c5,3,,B.1.1.7,1,A570D,2021-01-20,OH,False,OH-3d532045ea
658,d66a428fa4,3,,B.1.1.7,1,A570D,2021-01-20,NY,False,NY-d535baa7ac
659,8608df8b8b,3,,B.1.1.7,1,A570D,2021-01-21,MA,False,MA-03792d2da1
660,eda521d80f,1,,B.1.1.7,2,A570D,2021-02-28,CO,False,CO-3195bf5ee3
661,c685a47b56,1,,B.1.1.7,2,A570D,2021-03-08,MA,False,MA-03792d2da1
662,27a1301570,1,38.48,B.1.1.7,2,A570D,2021-03-08,MA,False,MA-e639989ec2
663,83a7902a78,1,,B.1.1.7,2,A570D,2021-03-03,FL,False,FL-d1166234ad
664,52fe71f8e2,1,38.09,B.1.1.7,2,A570D,2021-03-03,FL,False,FL-e8da203597
665,8a6fd20599,1,38.34,B.1.1.7,2,A570D,2021-03-04,FL,False,FL-26d9107c06
666,0a50864c36,1,36.27,B.1.1.7,2,A570D,2021-03-02,FL,True,FL-492c4a6696
667,98addc9f45,1,34.66,B.1.1.7,2,A570D,2021-03-02,FL,True,FL-0d899399bb
668,c5996823b5,1,37.5,B.1.1.7,2,A570D,2021-03-02,FL,True,FL-b696848898
669,83a6dc864b,1,,B.1.1.7,2,A570D,2021-03-02,KY,False,KY-8f0bbd21e3
670,836a219794,1,,B.1.1.7,2,A570D,2021-03-03,MT,False,MT-259e8a09ff
671,da943323ac,1,,B.1.1.7,2,A570D,2021-03-03,OH,False,OH-3d532045ea
672,d5fd5a4b32,1,,B.1.1.7,2,A570D,2021-03-03,OH,False,OH-3c0bcc55dd
673,608942a960,1,,B.1.1.7,2,A570D,2021-03-02,CA,False,CA-e1627b9549
674,7ecf807663,1,39.12,B.1.1.7,2,A570D,2021-03-02,NY,False,NY-d535baa7ac
675,b6313a2fe3,1,,B.1.1.7,2,A570D,2021-03-02,PA,False,PA-9f036de898
676,8ab3911ce0,1,39.17,B.1.1.7,2,A570D,2021-03-02,VA,False,VA-451d253c49
677,8cdb8fe830,1,,B.1.1.7,2,A570D,2021-03-01,CT,False,CT-da9b42b2a9
678,91c82e4038,1,,B.1.1.7,2,A570D,2021-02-24,MA,False,MA-03304b1aa1
679,882bb1f0cf,2,,B.1.1.7,2,A570D,2020-10-30,MA,False,MA-03792d2da1
680,7ee16f2f37,2,,B.1.1.7,2,A570D,2020-10-28,FL,False,FL-e8da203597
681,cb26bb2c4a,2,,B.1.1.7,2,A570D,2020-10-29,FL,False,FL-26d9107c06
682,9adbfcab1f,2,,B.1.1.7,2,A570D,2020-10-29,FL,True,FL-492c4a6696
683,80c5ec6dbf,2,,B.1.1.7,2,A570D,2020-10-28,MT,False,MT-259e8a09ff
684,bc8a0683ac,2,,B.1.1.7,2,A570D,2020-10-28,VA,False,VA-451d253c49
685,9a1622eb61,2,,B.1.1.7,2,A570D,2020-10-27,FL,False,FL-d1166234ad
687,27daf66b18,2,,B.1.1.7,2,A570D,2020-10-28,FL,True,FL-0d899399bb
689,79c2a210f3,2,,B.1.1.7,2,A570D,2020-10-27,CA,False,CA-e1627b9549
690,5f12a79e99,2,,B.1.1.7,2,A570D,2020-10-25,CO,False,CO-3195bf5ee3
691,63eabe6638,2,,B.1.1.7,2,A570D,2020-10-28,MA,False,MA-03792d2da1
692,7f03b0cfff,2,,B.1.1.7,2,A570D,2020-10-28,MA,False,MA-e639989ec2
693,239463d573,2,,B.1.1.7,2,A570D,2020-10-27,PA,False,PA-9f036de898
694,bd7d91886f,2,,B.1.1.7,2,A570D,2020-10-23,KY,False,KY-8f0bbd21e3
695,1566e0dd3d,2,,B.1.1.7,2,A570D,2020-10-26,CT,False,CT-da9b42b2a9
696,aaea9eaed0,2,,B.1.1.7,2,A570D,2020-10-21,OH,False,OH-3d532045ea
697,b153bb7dd9,2,,B.1.1.7,2,A570D,2020-10-21,OH,False,OH-3c0bcc55dd
698,59739083ca,2,,B.1.1.7,2,A570D,2020-10-20,NY,False,NY-d535baa7ac
699,245a5322c1,2,,B.1.1.7,2,A570D,2020-11-05,MA,False,MA-03304b1aa1
700,75acd78083,3,,B.1.1.7,2,A570D,2021-01-28,FL,True,FL-0d899399bb
701,3ceda5b8f4,3,38.67,B.1.1.7,2,A570D,2021-01-27,FL,False,FL-e8da203597
702,8b695b28da,3,37.69,B.1.1.7,2,A570D,2021-01-28,FL,False,FL-26d9107c06
703,a2bd892953,3,,B.1.1.7,2,A570D,2021-01-27,FL,False,FL-d1166234ad
704,355f142ebf,3,38.73,B.1.1.7,2,A570D,2021-01-29,MA,False,MA-e639989ec2
705,7e7b62a65e,3,,B.1.1.7,2,A570D,2021-01-28,FL,True,FL-492c4a6696
706,b4ea864360,3,,B.1.1.7,2,A570D,2021-01-29,MA,False,MA-03792d2da1
707,ba70436e64,3,,B.1.1.7,2,A570D,2021-01-27,MT,False,MT-259e8a09ff
708,3545254ec7,3,,B.1.1.7,2,A570D,2021-01-26,VA,False,VA-451d253c49
709,a1fb899fec,3,,B.1.1.7,2,A570D,2021-01-25,KY,False,KY-8f0bbd21e3
710,a0bb036d5b,3,,B.1.1.7,2,A570D,2021-01-26,CA,False,CA-e1627b9549
711,9187bcde61,3,,B.1.1.7,2,A570D,2021-01-26,PA,False,PA-9f036de898
712,dcaeb59a89,3,38.11,B.1.1.7,2,A570D,2021-01-25,MA,False,MA-03304b1aa1
713,0681d9a7c1,3,38.95,B.1.1.7,2,A570D,2021-01-24,CO,False,CO-3195bf5ee3
714,856aadabed,3,,B.1.1.7,2,A570D,2021-01-25,CT,False,CT-da9b42b2a9
715,c5c081c07f,3,,B.1.1.7,2,A570D,2021-01-20,OH,False,OH-3c0bcc55dd
716,41bf6b9c9e,3,,B.1.1.7,2,A570D,2021-01-20,FL,True,FL-b696848898
717,2c0201a4c5,3,,B.1.1.7,2,A570D,2021-01-20,OH,False,OH-3d532045ea
718,d66a428fa4,3,,B.1.1.7,2,A570D,2021-01-20,NY,False,NY-d535baa7ac
719,8608df8b8b,3,,B.1.1.7,2,A570D,2021-01-21,MA,False,MA-03792d2da1
