conc_wt,conc_mut,conc_both,conc_n1n2,variant
44.742279873892585,,44.742279873892585,48.42855154931042,A570D
37.907440747604994,,37.907440747604994,48.42855154931042,HV-69/70-del
23.40654576238592,,23.40654576238592,48.42855154931042,Y144del
146.65778248495718,,146.65778248495718,191.5482674069126,A570D
105.03464915254811,,105.03464915254811,191.5482674069126,HV-69/70-del
89.24636747292939,,89.24636747292939,191.5482674069126,Y144del
110.19244256504764,,110.19244256504764,81.10795947313619,A570D
57.619686233031274,,57.619686233031274,81.10795947313619,HV-69/70-del
28.570713976693693,13.512813410435408,42.0835273871291,81.10795947313619,Y144del
122.52234785514415,,122.52234785514415,116.65627456410637,A570D
103.35499841480737,,103.35499841480737,116.65627456410637,HV-69/70-del
79.79541311770743,,79.79541311770743,116.65627456410637,Y144del
62.100904265373664,,62.100904265373664,130.24935912187738,A570D
78.05127466886734,,78.05127466886734,130.24935912187738,HV-69/70-del
53.23110915104286,,53.23110915104286,130.24935912187738,Y144del
102.76444352972062,,102.76444352972062,65.06276619601913,A570D
26.843458282376048,12.292770851974224,39.13622913435027,65.06276619601913,HV-69/70-del
29.652884785933505,13.983889129448508,43.636773915382015,65.06276619601913,Y144del
18.27661095680641,,18.27661095680641,53.82324590199946,A570D
30.68870378326882,,30.68870378326882,53.82324590199946,HV-69/70-del
47.93796524585264,,47.93796524585264,53.82324590199946,Y144del
179.8877227323921,,179.8877227323921,230.96829937285952,A570D
147.81969219414285,,147.81969219414285,230.96829937285952,HV-69/70-del
105.32613970224239,,105.32613970224239,230.96829937285952,Y144del
54.833637282952964,,54.833637282952964,77.67361783945891,A570D
44.782608991731664,,44.782608991731664,77.67361783945891,HV-69/70-del
19.35201095469278,,19.35201095469278,77.67361783945891,Y144del
,,0.0,11.161251422730041,A570D
,,0.0,11.161251422730041,HV-69/70-del
,,0.0,11.161251422730041,Y144del
101.84531486631658,,101.84531486631658,166.2208423965284,A570D
42.388518809950895,,42.388518809950895,166.2208423965284,HV-69/70-del
50.497887879969994,,50.497887879969994,166.2208423965284,Y144del
54.555408480145694,370.82700256596945,425.3824110461151,1020.0275333022561,A570D
52.35766048713711,133.44609246047003,185.80375294760714,1020.0275333022561,HV-69/70-del
31.650697671419167,209.1969015103554,240.84759918177457,1020.0275333022561,Y144del
30.653753449433,,30.653753449433,38.70540482697947,A570D
67.67318381932681,,67.67318381932681,38.70540482697947,HV-69/70-del
56.45873709437471,,56.45873709437471,38.70540482697947,Y144del
124.19058330690729,33.35744436084349,157.54802766775077,405.0162391253195,A570D
180.60375708748654,12.009631090406147,192.6133881778927,405.0162391253195,HV-69/70-del
50.66235340943326,21.332959354720707,71.99531276415397,405.0162391253195,Y144del
44.239260088655044,24.179699137512447,68.41895922616749,144.88521385805808,A570D
26.513508834874052,,26.513508834874052,144.88521385805808,HV-69/70-del
35.266788253070786,16.683006824279722,51.94979507735051,144.88521385805808,Y144del
1108.6915550213446,,1108.6915550213446,1202.9216860298995,A570D
473.01482693180657,,473.01482693180657,1202.9216860298995,HV-69/70-del
449.6994267145616,,449.6994267145616,1202.9216860298995,Y144del
435.26711096010945,,435.26711096010945,428.89332935065175,A570D
164.21790438664505,23.76590005523448,187.98380444187953,428.89332935065175,HV-69/70-del
144.0102899073091,23.636098306094183,167.64638821340327,428.89332935065175,Y144del
,118.66206108961187,118.66206108961187,223.26284860219516,A570D
,90.01094787188312,90.01094787188312,223.26284860219516,HV-69/70-del
,43.36825332603961,43.36825332603961,223.26284860219516,Y144del
142.81660293946032,,142.81660293946032,67.62631690929473,A570D
94.07402089857567,,94.07402089857567,67.62631690929473,HV-69/70-del
62.55386590348688,,62.55386590348688,67.62631690929473,Y144del
,46.909369542943104,46.909369542943104,139.10877259728466,A570D
,32.771847402278745,32.771847402278745,139.10877259728466,HV-69/70-del
,26.199118818400724,26.199118818400724,139.10877259728466,Y144del
32.020747128268155,,32.020747128268155,24.27384858533918,A570D
29.37961730798715,,29.37961730798715,24.27384858533918,HV-69/70-del
,,0.0,24.27384858533918,Y144del
78.9106656088516,,78.9106656088516,97.86631151774863,A570D
30.675429620090377,,30.675429620090377,97.86631151774863,HV-69/70-del
32.48247192495373,,32.48247192495373,97.86631151774863,Y144del
,,0.0,44.794668257111674,A570D
8.888959440147051,,8.888959440147051,44.794668257111674,HV-69/70-del
6.5826785288449825,,6.5826785288449825,44.794668257111674,Y144del
23.373882302063596,,23.373882302063596,41.474822720247204,A570D
27.713005411809036,,27.713005411809036,41.474822720247204,HV-69/70-del
35.84810000207444,,35.84810000207444,41.474822720247204,Y144del
210.80715684046197,26.864497125050853,237.67165396551283,441.46296030458967,A570D
100.33591261446779,18.758691701588347,119.09460431605613,441.46296030458967,HV-69/70-del
83.10779193473002,25.860603099423304,108.96839503415332,441.46296030458967,Y144del
49.527286291723804,33.66069654838154,83.18798284010535,172.0268895854292,A570D
44.04393324572791,19.044276161044884,63.08820940677279,172.0268895854292,HV-69/70-del
32.823949865331635,13.849798980432634,46.673748845764266,172.0268895854292,Y144del
111.13476988303792,,111.13476988303792,78.78705988563725,A570D
39.5952519291469,,39.5952519291469,78.78705988563725,HV-69/70-del
67.20144926757735,,67.20144926757735,78.78705988563725,Y144del
182.90996455706755,,182.90996455706755,214.01738936746548,A570D
95.7707354445643,,95.7707354445643,214.01738936746548,HV-69/70-del
52.130089966107626,,52.130089966107626,214.01738936746548,Y144del
24.262427675293498,,24.262427675293498,54.13172526225853,A570D
50.58563556986925,,50.58563556986925,54.13172526225853,HV-69/70-del
50.99966807793133,,50.99966807793133,54.13172526225853,Y144del
30.257672216459888,,30.257672216459888,16.612419753410233,A570D
32.494935372507605,,32.494935372507605,16.612419753410233,HV-69/70-del
52.76986207547512,,52.76986207547512,16.612419753410233,Y144del
57.74196188899122,,57.74196188899122,45.544835240552864,A570D
26.84651845539537,,26.84651845539537,45.544835240552864,HV-69/70-del
28.388393333460687,,28.388393333460687,45.544835240552864,Y144del
,,0.0,21.129060420768315,A570D
15.571456359926472,,15.571456359926472,21.129060420768315,HV-69/70-del
21.218630203636238,,21.218630203636238,21.129060420768315,Y144del
125.07376629726984,,125.07376629726984,120.2296504173683,A570D
71.64292819818318,,71.64292819818318,120.2296504173683,HV-69/70-del
61.92925179658092,,61.92925179658092,120.2296504173683,Y144del
61.87611051446851,,61.87611051446851,88.74869874871399,A570D
58.41893745989617,,58.41893745989617,88.74869874871399,HV-69/70-del
51.06219746752788,,51.06219746752788,88.74869874871399,Y144del
251.0260515537915,,251.0260515537915,227.92131860723802,A570D
119.232837787264,,119.232837787264,227.92131860723802,HV-69/70-del
124.79835920185957,,124.79835920185957,227.92131860723802,Y144del
198.6159079698085,,198.6159079698085,234.11298091199717,A570D
89.97424836961866,,89.97424836961866,234.11298091199717,HV-69/70-del
110.2082689173451,,110.2082689173451,234.11298091199717,Y144del
28.69903060024998,71.04424354908387,99.74327414933386,150.73515914465204,A570D
37.37903134754277,26.609349681870036,63.98838102941281,150.73515914465204,HV-69/70-del
14.06641221593484,34.62851324205592,48.694925457990756,150.73515914465204,Y144del
59.56756936635685,,59.56756936635685,100.00150494470502,A570D
24.12349742044306,,24.12349742044306,100.00150494470502,HV-69/70-del
60.010803984918844,,60.010803984918844,100.00150494470502,Y144del
262.27826163746397,21.79605566806631,284.07431730553026,407.7205006709252,A570D
148.5130260778394,18.26803393438589,166.7810600122253,407.7205006709252,HV-69/70-del
158.90850316209168,,158.90850316209168,407.7205006709252,Y144del
79.68056015707417,35.605560760298694,115.28612091737287,224.6234622783504,A570D
70.13990935080736,34.11426873374684,104.2541780845542,224.6234622783504,HV-69/70-del
29.971178115415857,25.013076111319638,54.984254226735494,224.6234622783504,Y144del
153.24358229600944,,153.24358229600944,192.54162253169048,A570D
59.40199607386623,,59.40199607386623,192.54162253169048,HV-69/70-del
77.78778965745687,,77.78778965745687,192.54162253169048,Y144del
74.88758081973657,,74.88758081973657,126.29634921977878,A570D
80.0607173172041,,80.0607173172041,126.29634921977878,HV-69/70-del
52.27483502075336,,52.27483502075336,126.29634921977878,Y144del
53.779359989770235,,53.779359989770235,61.57206637699199,A570D
25.50882759738294,,25.50882759738294,61.57206637699199,HV-69/70-del
29.25085216482291,,29.25085216482291,61.57206637699199,Y144del
27.04132108912641,,27.04132108912641,35.58125142535119,A570D
25.688553541417736,,25.688553541417736,35.58125142535119,HV-69/70-del
57.51257332150868,,57.51257332150868,35.58125142535119,Y144del
343.6033712278563,,343.6033712278563,454.37324046929683,A570D
191.83983035227823,,191.83983035227823,454.37324046929683,HV-69/70-del
145.28533503423483,,145.28533503423483,454.37324046929683,Y144del
88.5854842925591,48.50297244336296,137.08845673592205,311.4912870835429,A570D
64.05640379474839,16.77317457822999,80.82957837297838,311.4912870835429,HV-69/70-del
89.22176253546256,36.73050359626844,125.952266131731,311.4912870835429,Y144del
90.66245162087684,,90.66245162087684,30.74699768496654,A570D
31.807976274071002,,31.807976274071002,30.74699768496654,HV-69/70-del
,,0.0,30.74699768496654,Y144del
70.00458771494738,,70.00458771494738,72.50607158820237,A570D
60.914828795815765,,60.914828795815765,72.50607158820237,HV-69/70-del
29.29283111417643,,29.29283111417643,72.50607158820237,Y144del
38.89868095070408,,38.89868095070408,49.290082984920055,A570D
27.683509167790795,,27.683509167790795,49.290082984920055,HV-69/70-del
,,0.0,49.290082984920055,Y144del
60.03218916151308,,60.03218916151308,97.68204269446932,A570D
61.96462226368543,,61.96462226368543,97.68204269446932,HV-69/70-del
57.47619290868154,,57.47619290868154,97.68204269446932,Y144del
266.7514101370975,,266.7514101370975,179.919667535736,A570D
91.7358843933454,,91.7358843933454,179.919667535736,HV-69/70-del
112.52368449836659,,112.52368449836659,179.919667535736,Y144del
120.8614520128894,,120.8614520128894,210.30892094920878,A570D
84.93758515710877,,84.93758515710877,210.30892094920878,HV-69/70-del
51.00084005992032,,51.00084005992032,210.30892094920878,Y144del
35.72189683712494,,35.72189683712494,24.93615934414161,A570D
33.59731088589378,,33.59731088589378,24.93615934414161,HV-69/70-del
41.0535976918815,,41.0535976918815,24.93615934414161,Y144del
326.33088235766667,,326.33088235766667,315.6482056403184,A570D
136.680623540596,,136.680623540596,315.6482056403184,HV-69/70-del
139.55727975457708,,139.55727975457708,315.6482056403184,Y144del
46.42451271212873,,46.42451271212873,68.24681443396156,A570D
45.41024134071904,,45.41024134071904,68.24681443396156,HV-69/70-del
21.706577222371944,,21.706577222371944,68.24681443396156,Y144del
213.5102549638463,,213.5102549638463,188.97337302793406,A570D
89.24134835043893,,89.24134835043893,188.97337302793406,HV-69/70-del
141.76781929095068,,141.76781929095068,188.97337302793406,Y144del
522.1626674214552,,522.1626674214552,707.8745347776643,A570D
323.7220137272893,,323.7220137272893,707.8745347776643,HV-69/70-del
147.0597407012749,,147.0597407012749,707.8745347776643,Y144del
219.13568827015126,32.86854842011829,252.00423669026955,404.504449958456,A570D
145.3126682716008,12.388626480488709,157.70129475208952,404.504449958456,HV-69/70-del
159.91617166487725,42.338220356832025,202.2543920217093,404.504449958456,Y144del
